id,audio,text,duration,speaker,language
ben_eng_concat.147,audio/ben_eng_concat.147.wav,অগ্নি rescue দল শেষ পর্যন্ত রাত 11:35 এর মধ্যে আগুন নেভায়।,6.796,ben-eng_spk0,ben-eng
ben_eng_concat.144,audio/ben_eng_concat.144.wav,"Rossby number, যত smaller হবে, চৌম্বকীয় বিপরীতমুখীতার সাপেক্ষে নক্ষত্রটি তত less সক্রিয় হবে।",10.503,ben-eng_spk0,ben-eng
ben_eng_concat.297,audio/ben_eng_concat.297.wav,"""গত week, METI announced করেছিল যে, অ্যাপল এরকম 34 অতিরিক্ত উত্তেজিত ঘটনার তথ্য incidents, যাকে সংস্থা """"গুরুতর নয়"""" বলে অভিহিত করেছে।""",13.899,ben-eng_spk0,ben-eng
ben_eng_concat.311,audio/ben_eng_concat.311.wav,তরকারি হচ্ছে herbs এবং মশলার together herbs meat বা সবজি।,7.363,ben-eng_spk0,ben-eng
ben_eng_concat.206,audio/ben_eng_concat.206.wav,হাইতিয়ান ইনস্টিটিউট ফর Justice অ্যান্ড Democracy এর স্বতন্ত্র সমীক্ষাতে উল্লেখ করা হয়েছে যে নেপালি জাতিসংঘের peacekeeping বাহিনী অজান্তেই to Haiti. এই রোগটি brought এসেছিল।,20.555,ben-eng_spk0,ben-eng
ben_eng_concat.74,audio/ben_eng_concat.74.wav,"Cancellation policies পরিবর্তিত হতে পারে, তবে মার্চের শেষ পর্যন্ত গৃহীত coronavirus-based বাতিলকরণ নীতিগুলো জুলাই ২০২০ পর্যন্ত extend নয়, when অলিম্পিক গেমস হওয়ার scheduled. রয়েছে।",20.535,ben-eng_spk0,ben-eng
ben_eng_concat.278,audio/ben_eng_concat.278.wav,"war, শষ হওয়ার দুবছরের মধ্যে পুরনো সহযোগীরা হয়ে গিয়েছিল প্রতিপক্ষ এবং Cold the War সূচনা হয়েছিল।",10.447,ben-eng_spk0,ben-eng
ben_eng_concat.77,audio/ben_eng_concat.77.wav,"যুদ্ধ ছড়িয়ে পড়ার পরপরই, ব্রিটেন জার্মানির ওপর একটি নৌ blockade initiated Germany.",7.144,ben-eng_spk0,ben-eng
ben_eng_concat.251,audio/ben_eng_concat.251.wav,পরবর্তীকালে তাকে কেমব্রিজের অ্যাডেনব্রুক to Hospital স্থানান্তর করা হয়।,7.116,ben-eng_spk0,ben-eng
ben_eng_concat.85,audio/ben_eng_concat.85.wav,"However, যক্ষায় আক্রান্ত entire জনগোষ্ঠীর মধ্যে এক্স-ডি-আর-যক্ষায় আক্রান্তের অনুপাত এখনো পর্যন্ত কম বলেই মনে হচ্ছে; যেটি দক্ষিণ আফ্রিকায় যে কোনো moment in মোট ৩৩০,০০০ আক্রান্তের মধ্যে ৬০০০ people Africa.",21.131,ben-eng_spk0,ben-eng
ben_eng_concat.88,audio/ben_eng_concat.88.wav,"পুলিশ superintendent চন্দ্র শেখর সোলঙ্কি জানিয়েছিলেন, accused মুখ ঢাকা অবস্থায় appeared in court হাজির হয়েছিল।",12.435,ben-eng_spk0,ben-eng
ben_eng_concat.157,audio/ben_eng_concat.157.wav,"Wednesday's অনুষ্ঠানের পরেও, Carpanedo চ্যাম্পিয়নশিপে দুটি পৃথক দৌড় প্রতিযোগিতায় অংশ Championships.",10.563,ben-eng_spk0,ben-eng
ben_eng_concat.305,audio/ben_eng_concat.305.wav,"দুটি dry powders together মোচড় দিন এবং তারপর, পরিষ্কার ভেজা hands, দিয়ে, একটি বলের মধ্যে squeeze দিন।",12.571,ben-eng_spk0,ben-eng
ben_eng_concat.307,audio/ben_eng_concat.307.wav,"মনে seem হয় ছাগল প্রথম গৃহপালিত হয়েছিল প্রায় ১০,০০০ বছর আগে ইরানের জাগ্রোস পর্বতমালায়।",9.02,ben-eng_spk0,ben-eng
ben_eng_concat.171,audio/ben_eng_concat.171.wav,"আপনার The hands আর্দ্রতা বাইরের স্তরের সাথে প্রতিক্রিয়া করবে, যা অদ্ভুত feel funny হবে আর এটি এক ধরণের shell. সৃষ্টি করবে।",14.299,ben-eng_spk0,ben-eng
ben_eng_concat.330,audio/ben_eng_concat.330.wav,এটি South আফ্রিকার প্রধান the attractions একটি এবং একে দক্ষিণ আফ্রিকার জাতীয় উদ্যানসমূহের (স্যানপার্কস) প্রধান বলে ধরা হয়।,13.059,ben-eng_spk0,ben-eng
ben_eng_concat.348,audio/ben_eng_concat.348.wav,"মানুষ antiquity, থেকেই gold, রূপা, তামার মত বিভিন্ন মৌলিক chemical উপাদানগুলির সাথে পরিচিত, কারণ, এগুলি native রূপে nature থেকেই পাওয়া যায় এবং primitive হাতিয়ারগুলির মূল উপাদান এই খনিজের are relatively simple tools.",23.998,ben-eng_spk0,ben-eng
ben_eng_concat.26,audio/ben_eng_concat.26.wav,অনেক প্রোটন এবং নিউট্রনের সাথে নিউক্লিয়াসকে জুড়তে যে শক্তি প্রয়োজন হয় সেই নীতিতে ফিউশন bomb works করে।,11.068,ben-eng_spk0,ben-eng
ben_eng_concat.204,audio/ben_eng_concat.204.wav,"এছাড়াও উত্তরে আওয়ার লেডি অফ ফাতিমা (শ্রীন) এর দুর্দান্ত অভয়ারণ্যটি দেখুন, যা বিশ্বব্যাপী মারিয়ান অপচ্ছায়ার একটি খ্যাত স্থান।",13.028,ben-eng_spk0,ben-eng
ben_eng_concat.25,audio/ben_eng_concat.25.wav,ভ্রমণকারীদের তাদের অঞ্চলে প্রভাব সৃষ্টিকারী খারাপ weather risk সম্পর্কে সচেতন হতে গভীর ভাবে পরামর্শ দেওয়া হচ্ছে কারণ এর ফলে আপনার travel সম্পর্কিত যে কোন পরিকল্পনা প্রভাবিত হতে পারে।,20.019,ben-eng_spk0,ben-eng
ben_eng_concat.151,audio/ben_eng_concat.151.wav,এটি water; প্রবেশকারী যে কোনও কিছুকেই attacked করতো; even এর জন্য টি-রেক্সের মতো একটি দানবীয় ডাইনোসরেরও কোনও মিল ছিল না।,15.131,ben-eng_spk0,ben-eng
ben_eng_concat.309,audio/ben_eng_concat.309.wav,সহকর্মী wrestlers এমনকি লুনাকে শ্রদ্ধা Luna.,6.048,ben-eng_spk0,ben-eng
ben_eng_concat.158,audio/ben_eng_concat.158.wav,উত্তরের কাছে এবং সহজে reach is যায় এমন প্রেমময় ও আকর্ষণীয় Sintra town এবং যখন এর জাঁকজমকের উজ্জ্বল বিবরণ লর্ড Byron. বিবৃতি দ্বারা foreigners কাছে এটি প্রসিদ্ধ করেছিল।,19.683,ben-eng_spk0,ben-eng
ben_eng_concat.53,audio/ben_eng_concat.53.wav,further উত্তরের বিস্তীর্ণ অঞ্চলগুলি বেশ কমই জনবহুল এবং কাছাকাছি কিছুটা nearly uninhabited প্রান্তর।,10.688,ben-eng_spk0,ben-eng
ben_eng_concat.66,audio/ben_eng_concat.66.wav,পৃথকীকরণ এবং পুনঃসংযোগ প্রতিটি প্রজন্মের দুটি pools মধ্যে back forth আনা নেওয়া করতে shuffle করে।,11.627,ben-eng_spk0,ben-eng
ben_eng_concat.65,audio/ben_eng_concat.65.wav,"একই সাথে, men এমন trousers পরতে হবে যা তাদের হাঁটু ঢেকে রাখবে।",7.683,ben-eng_spk0,ben-eng
ben_eng_concat.175,audio/ben_eng_concat.175.wav,"এটি Aurora borealis, see জন্য একটি ভাল সুযোগ প্রদান করে, যেহেতু সময়ের সাথে আকাশ অল্প-বেশি dark হয়ে থাকবে।",11.635,ben-eng_spk0,ben-eng
ben_eng_concat.19,audio/ben_eng_concat.19.wav,কিছু কিছু পরমাণুতে অস্থির নিউক্লিয়াস থাকে যার means হলো সেগুলো মৃদু আঘাতে বা কোন আঘাত ছাড়াই ভেঙে যায়।,10.044,ben-eng_spk0,ben-eng
ben_eng_concat.318,audio/ben_eng_concat.318.wav,এ গ্রহের নদীর water যে পরিমাণ সাগরে পড়ে তার 20 percent আসে Amazon. from Amazon.,8.727,ben-eng_spk0,ben-eng
ben_eng_concat.218,audio/ben_eng_concat.218.wav,বেশিরভাগ আধুনিক research টেলিস্কোপগুলি অনুকূল বায়ুমণ্ডলীয় আবহাওয়ায় remote অঞ্চলে অনেক সু্যোগ-সুবিধা প্রদান করে।,12.355,ben-eng_spk0,ben-eng
ben_eng_concat.156,audio/ben_eng_concat.156.wav,"of Italy এবং বাকি পৃথিবীর আরও many In cities world, বিশেষ করে পোল্যান্ডে, একই ধরণের setups তৈরি করা হয়েছিল যেগুলো great সংখ্যক লোকেরা দেখেছিল।",17.095,ben-eng_spk0,ben-eng
ben_eng_concat.247,audio/ben_eng_concat.247.wav,"কিন্তু, অধিনায়কের উইকেট হারানোর পরে ভারত মাত্র ৩৬ রান করতে ৭ উইকেট হারিয়ে ফেললে innings. শেষ হয়ে যায়।",9.676,ben-eng_spk0,ben-eng
ben_eng_concat.208,audio/ben_eng_concat.208.wav,গতকাল evening বুয়েনস Buenos Aires. থেকে 50 কিলোমিটার (31 মাইল) দূরের একটি city লা প্লাটাতে বর্তমান সিনেটর এবং Argentine ফার্স্ট লেডি ক্রিস্টিনা ফার্নান্দেজ de কির্চনার তার রাষ্ট্রপতি পদপ্রার্থী হওয়ার candidacy ঘোষণা করেছিলেন।,26.21,ben-eng_spk0,ben-eng
ben_eng_concat.10,audio/ben_eng_concat.10.wav,"""প্রধানমন্ত্রীর সাথে সাখ্যাৎকালে লেটন কনজারভেটিভ পার্টির পরিবেশ বিলের """"পুঙ্খানুপুঙ্খ ও সম্পূর্ণ পুনর্লিখন"""" করার জন্য কনজারভেটিভ পরিবেশ বিলে changes করার জন্য বলেছিলেন।""",15.228,ben-eng_spk0,ben-eng
ben_eng_concat.262,audio/ben_eng_concat.262.wav,গোমা পৌঁছানোর জন্য তুমি বোডা-বোডা (মটর সাইকেল ট্যাক্সি) ব্যবহার করতে পারো। সংক্ষিপ্ত সফরের সাধারণ (স্থানীয়) price হচ্ছে ~৫০০ কংগোলিজ ফ্র‍্যা।,12.588,ben-eng_spk0,ben-eng
ben_eng_concat.162,audio/ben_eng_concat.162.wav,মরুভূমির বালি সম্পর্কিত ঝুঁকির কারণে 1990 সালে এটি বিশ্বের বিপদগ্রস্থ ঐতিহ্যবাহী স্থানগুলির তালিকায় যুক্ত হয়েছিল।,13.236,ben-eng_spk0,ben-eng
ben_eng_concat.122,audio/ben_eng_concat.122.wav,এছাড়াও প্রতিটি রাজবংশের মধ্যে বিভক্ত প্রদেশগুলিতে unstable সময় চলছিল। এই সময়কালের সর্বাধিক পরিচিত হান এবং জিন রাজবংশের মধ্যে 60 বছর ধরে তিনটি পর্বের রাজত্ব চলেছিল।,16.668,ben-eng_spk0,ben-eng
ben_eng_concat.38,audio/ben_eng_concat.38.wav,"""সবকিছু বিবেচনা করলে, আমাদের অবাক হওয়া should surprised নয় যদি আমাদের পূর্বপুরুষরা সেইভাবেই তাদের """"প্রোটিন সমস্যা"""" কে সমাধান করতেন ঠিক the way এখন savanna অঞ্চলে chimps do থাকে। """,18.371,ben-eng_spk0,ben-eng
ben_eng_concat.228,audio/ben_eng_concat.228.wav,অতিরিক্ত taxation আরোপকারী দেশগুলোতে যাওয়ার ফলে Travellers কখনও কখনও বিশেষত অ্যালকোহলযুক্ত beverages এবং তামাক জাতীয় পণ্যগুলো ক্ষেত্রে অনেক বেশি পরিমানে অর্থ বাঁচাতে can tobacco.,20.047,ben-eng_spk0,ben-eng
ben_eng_concat.168,audio/ben_eng_concat.168.wav,তিনি প্রাথমিকভাবে গ্রেট ইয়ারমাউথের জেমস পেগেট in Hospital ভর্তি হয়েছিলেন।,7.804,ben-eng_spk0,ben-eng
ben_eng_concat.94,audio/ben_eng_concat.94.wav,"কিছু people তার মতের মর্যাদা দিলেও বেশিরভাগ মানুষই দ্বিমত পোষণ করেছিলেন যে System Sun (এমনকি অন্যান্য নক্ষত্র-ও) সৌরজগৎ the Earth, চারিদিকে আবর্তিত হয়।",17.115,ben-eng_spk0,ben-eng
ben_eng_concat.34,audio/ben_eng_concat.34.wav,জিয়ানকার্লো ফিসিচেল্লা তার of car নিয়ন্ত্রণ হারিয়েছিল এবং প্রতিযোগিতা শুরুর পরপরই তা ended করে দিয়েছিলেন।,11.203,ben-eng_spk0,ben-eng
ben_eng_concat.37,audio/ben_eng_concat.37.wav,এটিতে বলা হয়েছে মূল বিষয়ের জন্যে সর্বাধিক কার্যকর স্থানটি হল লাইনগুলির বিভাজন যা image উল্লম্ব এবং horizontally বরাবর thirds অংশে বিভক্ত করেছে (see example). (see example).,18.975,ben-eng_spk0,ben-eng
ben_eng_concat.320,audio/ben_eng_concat.320.wav,Giza Great Pyramid পিরামিড সেই মাত্র ৭টি বিস্ময়ের মধ্যে একটি যা আজও দাঁড়িয়ে আছে।,7.704,ben-eng_spk0,ben-eng
ben_eng_concat.243,audio/ben_eng_concat.243.wav,"ট্র্যাকগুলোকে in place. ধরে রাখার জন্য ক্রসগুলিকে মোটামুটিভাবে আগেভাগেই introduced place. করা place. যাইহোক, ধীরে ধীরে এটা উপলব্ধি হয় যে ট্র্যাকগুলো আরো কার্যকর হবে যদি তাদের on top. লোহার একটি stip had top.",24.775,ben-eng_spk0,ben-eng
ben_eng_concat.80,audio/ben_eng_concat.80.wav,আনুষ্ঠানিকভাবে ফকল্যান্ডস এর currency হল ফকল্যান্ড pound (এফকেপি) যার মান 1 British pound (GBP). এর সমান।,11.899,ben-eng_spk0,ben-eng
ben_eng_concat.173,audio/ben_eng_concat.173.wav,৫৩ বছর বয়সী কিউমো এই বছরের শুরুতে governorship governorship শুরু করেন এবং last মাসে সমকামীদের বিয়ে legalizing করার জন্য একটি প্রস্তাবিত আইনের খসড়ায় স্বাক্ষর করেন।,17.739,ben-eng_spk0,ben-eng
ben_eng_concat.319,audio/ben_eng_concat.319.wav,"Dundee বিশ্ববিদ্যালয়ের অধ্যাপক পামেলা ফার্গুসন উল্লেখ করেন, ""journalists suspects."" ছবি প্রকাশ করলে সাংবাদিকদের দুর্গম পথ ধরে হাঁটতে হবে।""""""",12.832,ben-eng_spk0,ben-eng
ben_eng_concat.99,audio/ben_eng_concat.99.wav,"ফলস্বরূপ , কোনো the organization বাঁধা overcome করতে যখন সেই প্রতিষ্ঠানের সব কর্মচারী একসাথে মিলে working করে তখন new উদ্ভাবনী প্রক্রিয়া তৈরি হয় যা customer's প্রয়োজন মেটাবে।",20.523,ben-eng_spk0,ben-eng
ben_eng_concat.280,audio/ben_eng_concat.280.wav,আপনি যদি শুধুমাত্র shipboard excursions using ashore যান তবে সেক্ষেত্রে আপনার আলাদা করে visa লাগবে না (2009 অনুযায়ী)।,11.891,ben-eng_spk0,ben-eng
ben_eng_concat.159,audio/ben_eng_concat.159.wav,"জনপ্রিয় খেলাগুলোর মধ্যে রয়েছে football, basketball, বাস্কেটবল, ভলিবল, ওয়াটার-পোলো, ফেন্সিং, রাগবি, সাইকেলিং, আইস হকি, রোলার hockey এবং F1 মোটর racing.",15.911,ben-eng_spk0,ben-eng
ben_eng_concat.245,audio/ben_eng_concat.245.wav,সুন্দরবনকে UNESCO ওয়ার্ল্ড হেরিটেজ সাইট হিসাবে ঘোষণা করা has Site. ভারতীয় ভূখণ্ডের মধ্যে থাকা forest অংশটিকে সুন্দরবন জাতীয় উদ্যান called হয়।,16.643,ben-eng_spk0,ben-eng
ben_eng_concat.134,audio/ben_eng_concat.134.wav,"একইভাবে, শেনজেনের ভিসা having জন্য আপনার শেনজেনের প্রতিটি সদস্য countries জন্য পৃথক ভিসার জন্য আবেদন করার দরকার নেই, সুতরাং সময়, money এবং কাগজপত্রের saving হবে।",20.307,ben-eng_spk0,ben-eng
ben_eng_concat.46,audio/ben_eng_concat.46.wav,"of cultural দিক determinism, ক্ষেত্রে একটি বড় উপাদান ছিল শ্লেগাল, গোথা, ফিশ্তাদের মতো লেখকদের রোম্যান্টিসিজম।",9.919,ben-eng_spk0,ben-eng
ben_eng_concat.339,audio/ben_eng_concat.339.wav,উত্তর মেরিয়ানা emergency ব্যবস্থাপনার office বলেছে যে জনগণের কোন ক্ষয়ক্ষতির খবর পাওয়া nation.,11.207,ben-eng_spk0,ben-eng
ben_eng_concat.89,audio/ben_eng_concat.89.wav,"Revolutionary the War, সময়, কনফেডারেশনের নিবন্ধের অধীনে, তেরটি রাজ্য প্রথমে একটি weak central government—with গঠন করেছিল - যেখানে Congress এর only অংশ being Confederation.",17.395,ben-eng_spk0,ben-eng
ben_eng_concat.238,audio/ben_eng_concat.238.wav,যারা রাজ্যে কাজ করেন তাদের কাছে ইটালীয় the everyday ব্যবহারিক language এবং লাতিন প্রায়শই ধর্মীয় অনুষ্ঠানগুলিতে ব্যবহৃত হয়।,12.915,ben-eng_spk0,ben-eng
ben_eng_concat.213,audio/ben_eng_concat.213.wav,"harbor ছিল ১৮৮৯ সালের একটি কুখ্যাত নৌ অচলাবস্থার site when Germany, যুক্তরাষ্ট্র এবং ব্রিটেন থেকে সাতটি জাহাজ বন্দরটি ছেড়ে to leave অস্বীকার harbor.",15.003,ben-eng_spk0,ben-eng
ben_eng_concat.146,audio/ben_eng_concat.146.wav,"ফলস্বরূপ, performers stage, মাদক জয়েন্ট নিয়ে ধূমপান করে এবং এক্ষেত্রে theatre নিজেই audience যোগ দিতে encouraging করে।",15.027,ben-eng_spk0,ben-eng
ben_eng_concat.284,audio/ben_eng_concat.284.wav,ক্যালিফোর্নিয়ার Governor আর্নল্ড Schwarzenegger স্বাক্ষর signed একটি bill যা অপ্রাপ্তবয়স্কদের কাছে violent video the games sale বা ভাড়া bans করেছে।,17.938,ben-eng_spk0,ben-eng
ben_eng_concat.201,audio/ben_eng_concat.201.wav,Internet combines mass এবং আন্তঃব্যক্তি উভয় জ্ঞাপনের উপাদানগুলির combines মাধ্যম।,8.127,ben-eng_spk0,ben-eng
ben_eng_concat.127,audio/ben_eng_concat.127.wav,চাঁদের surface rocks এবং শিলা দিয়ে তৈরি। চাঁদের outer পৃষ্ঠটিকে crust. called crust.,9.751,ben-eng_spk0,ben-eng
ben_eng_concat.90,audio/ben_eng_concat.90.wav,Saint পিটার্সবার্গ ক্রুজ in town. সময় অন্তর্ভুক্ত। ক্রুজ যাত্রীদের ভিসার প্রয়োজনীয়তা থেকে exempted দেওয়া হয়েছে (শর্তাবলী পরীক্ষা করুন)।,14.263,ben-eng_spk0,ben-eng
ben_eng_concat.180,audio/ben_eng_concat.180.wav,"তবে এই পরিকল্পনাগুলি রাতারাতি rendered obsolete হয়ে যায় যখন সোভিয়েত ইউনিয়নের 800,000 লালফৌজ Soviet's Union Red শান্তি চুক্তি লঙ্ঘন করে পূর্ব পোল্যান্ডের এলাকাগুলি দখল করে Belarussian ও ইউক্রেনে ঢুকে যুদ্ধের ফ্রন্ট খোলে। রিগা চুক্তি ছিল সোভিয়েত–পোলিশ Non-Aggression চুক্তি। সোভিয়েত সেনা এরকম অন্য দ্বিপাক্ষিক ও বহুপাক্ষিক শান্তি চুক্তিগুলিও লঙ্ঘন multilateral.",39.614,ben-eng_spk0,ben-eng
ben_eng_concat.48,audio/ben_eng_concat.48.wav,"example, প্রত্যেক বছর North ক্যারলিনার ব্যানেট স্কুলের ছাত্রছাত্রীরা স্টেট Capital, নিজেদের ট্রিপ নিয়ে একটি ওয়েবসাইট design Capital, প্রত্যেক year website নতুন করে আবার remodeled, করা হয়, কিন্তু পুরনো ভার্সনটি স্ক্র্যাপবুকে রেখে দেওয়া are scrapbook.",25.17,ben-eng_spk0,ben-eng
ben_eng_concat.72,audio/ben_eng_concat.72.wav,ঘুমে ব্যাঘাত হচ্ছে স্বাভাবিক ঘুমের সময় উদ্দেশ্যমূলক awakening থাকার প্রক্রিয়া এবং short সময় (১০-৬০ minutes). পরে ঘুমিয়ে minutes).,13.599,ben-eng_spk0,ben-eng
ben_eng_concat.222,audio/ben_eng_concat.222.wav,luxury কেন্দ্রস্থল হিসাবে এর খ্যাতি প্রায় 400 A.D. শুরু হয়েছিল এবং প্রায় 1100 খ্রিস্টাব্দ পর্যন্ত স্থায়ী হয়েছিল।,12.704,ben-eng_spk0,ben-eng
ben_eng_concat.96,audio/ben_eng_concat.96.wav,later ফটোগ্রাফার এক aged মহিলার জায়গাটি নিয়েছিল যার শৌচাগারের প্রয়োজন ছিল। মেন্ডোজাকে গুলি করে হত্যা করা হয়েছিল।,11.536,ben-eng_spk0,ben-eng
ben_eng_concat.237,audio/ben_eng_concat.237.wav,গভর্নর জেনারেল এর কার্যালয়ের বাইরে একটি bomb বিস্ফোরণ হয়েছিল।,7.196,ben-eng_spk0,ben-eng
ben_eng_concat.170,audio/ben_eng_concat.170.wav,in October. শুরু হওয়া ক্ষমতাবানদের বিরুদ্ধে widespread বিক্ষোভে মার্টেলির প্রতিক্রিয়া হল এই কমিশন।,11.008,ben-eng_spk0,ben-eng
ben_eng_concat.62,audio/ben_eng_concat.62.wav,"""এই debate হারিকেন ক্যাটরিনার সময় relief ও পুনর্নির্মাণের উপর ব্যয়কে কেন্দ্র করে বেশি ছড়িয়েছিল; যেটাকে কিছু অর্থ সংশ্লিষ্ট রক্ষণশীলরা humorously """"বুশের নিউ অরলিন্স Deal."" বলে অবহিত করেছিল।""",20.595,ben-eng_spk0,ben-eng
ben_eng_concat.105,audio/ben_eng_concat.105.wav,"যে সময়কালে ঘটনাগুলি ঘটেছিল সেই সময়কালকে সাধারণ ভাবে ইউরোপীয় ইতিহাসের অধ্যায়ে 11, 12 ও 13th শতকের (AD 1000–1300) উচ্চ মধ্য যুগ referred হয়।",15.795,ben-eng_spk0,ben-eng
ben_eng_concat.167,audio/ben_eng_concat.167.wav,The U.S. প্রকৌশলীদের বিভাগ অনুমান করেছিল যে ৬ inches বৃষ্টিপাত আগে থেকে ক্ষতিগ্রস্থ বাঁধগুলো ভেঙ্গে breach পারতো।,13.463,ben-eng_spk0,ben-eng
ben_eng_concat.169,audio/ben_eng_concat.169.wav,"এখনও অনেক পুরুষ এবং মহিলা alive আছেন যারা এখানে তাদের time পার করে বেঁচে ছিলেন, এবং আরও many ইহুদি এবং অ-ইহুদীরা ছিলেন যাদের প্রিয়জনকে murdered করা হয়েছিল বা সেখানে death দিকে ধাবিত করা হয়েছিল।",23.467,ben-eng_spk0,ben-eng
ben_eng_concat.11,audio/ben_eng_concat.11.wav,তবে পাখির মধ্যে অনেক things রয়েছে যা এখনও যেগুলোকে ডাইনোসরের মতো dinosaur.,9.775,ben-eng_spk0,ben-eng
ben_eng_concat.211,audio/ben_eng_concat.211.wav,সেই কারণে এই The of format আনুমানিক অনুপাত (১২ দিয়ে ভাগ করে সহজ পূর্ন -সংখ্যার গাণিতিক অনুপাত পাওয়া যায়) ধরা হয় ৩ঃ২।,12.147,ben-eng_spk0,ben-eng
ben_eng_concat.177,audio/ben_eng_concat.177.wav,"However, communication the channels, মন্থরতার কারণে, পশ্চিমে রীতিগুলি ২৫ থেকে ৩০ বছর পিছিয়ে পড়তে পারে।",9.208,ben-eng_spk0,ben-eng
ben_eng_concat.298,audio/ben_eng_concat.298.wav,স্থান পরিদর্শন যে কোন of classroom. একটি বড় part classroom. প্রায়শই একজন teacher ছাত্রদের এমন places নিয়ে যেতে love করবেন যেখানে বাসে ভ্রমণের কোন সুযোগ নেই,18.875,ben-eng_spk0,ben-eng
ben_eng_concat.223,audio/ben_eng_concat.223.wav,"অবহেলা থেকে শুরু করে, neglect, এমনকি চাঁদাবাজি পর্যন্ত, variety reasons Children ফস্টার কেয়ারে রাখা হয়।",10.675,ben-eng_spk0,ben-eng
ben_eng_concat.70,audio/ben_eng_concat.70.wav,The cabbage রস আম্লিক বা basic (ক্ষারধর্মী) রাসায়নিকের উপর নির্ভর করে রঙ পরিবর্তন করে।,9.951,ben-eng_spk0,ben-eng
ben_eng_concat.179,audio/ben_eng_concat.179.wav,"Late বেলা নাগাদ, মার্কিন প্রেসিডেন্ট ডোনাল্ড ট্রাম্প, প্রেস সেক্রেটারি মারফৎ একটি statement জানান, মার্কিন সেনাবাহিনী সিরিয়া ছেড়ে বেরিয়ে আসবে।",14.896,ben-eng_spk0,ben-eng
ben_eng_concat.9,audio/ben_eng_concat.9.wav,"অবশেষে, many ছোট cats are (including loose যাওয়া পোষা বিড়াল) যারা অনেক ক্ষুদ্র শিকার করে থাকে যেমন insects, rodents, lizards, rodents, lizards, এবং পাখি।",15.563,ben-eng_spk0,ben-eng
ben_eng_concat.123,audio/ben_eng_concat.123.wav,অনেক মানুষ তাদের dinosaurs হিসাবে think করে না কারন তাদের পাখা আছে এবং উড়তে can fly.,10.087,ben-eng_spk0,ben-eng
ben_eng_concat.104,audio/ben_eng_concat.104.wav,এই তত্ত্বগুলো লক্ষ্য করে নির্দিষ্ট certain people ওপর যে কি তাদের উদ্দীপ্ত that want things করতে যা তারা করে এবং তাদের পরিবেশের কোন জিনিসগুলি তাদের নির্দিষ্ট কিছু do বা না করতে উদ্দীপ্ত করবে।,19.067,ben-eng_spk0,ben-eng
ben_eng_concat.239,audio/ben_eng_concat.239.wav,"যদি তুমি country রাস্তায় গাড়ি চালানোয় অভ্যস্থ না থাকো, বুদ্ধি দিয়ে কাজ করো: খাড়া steep grades, সরু lanes, এবং তীব্র curves প্রাধান্য পায়।",15.539,ben-eng_spk0,ben-eng
ben_eng_concat.276,audio/ben_eng_concat.276.wav,"Tibetan The meditation কেন্দ্রবিন্দু হল Deity Yoga. deities শক্তি visualization মাধ্যমে শক্তি নিঃসরণের মাধ্যমগুলি পরিশুদ্ধ cleaned, চক্রগুলি সক্রিয় হয় এবং চেতনাশক্তির সৃষ্টি হয়।",19.743,ben-eng_spk0,ben-eng
ben_eng_concat.106,audio/ben_eng_concat.106.wav,সর্বাধিক সহজেই অভিগমনযোগ্য plant সংস্থানগুলো হতে পাতা এবং কলাইতে accessible proteins তবে এগুলো আমাদের মতো প্রাইমেটদের রান্না না করে হজম করা কঠিন।,15.859,ben-eng_spk0,ben-eng
ben_eng_concat.133,audio/ben_eng_concat.133.wav,দ্বীপপুঞ্জ এবং লেকগুলোতে আবশ্যকভাবে আপনার কোন নৌকাটির দরকার not yacht.,7.944,ben-eng_spk0,ben-eng
ben_eng_concat.250,audio/ben_eng_concat.250.wav,হাইড্রোজেন আয়নগুলি হলো এমন ধরণের protons যাদের ইলেক্ট্রনগুলোকে তাদের থেকে বিচ্ছিন্ন করা হয়েছে (হাইড্রোজেন পরমাণুগুলোতে একটা প্রোটন এবং একটা ইলেক্ট্রন থাকে)।,17.068,ben-eng_spk0,ben-eng
ben_eng_concat.209,audio/ben_eng_concat.209.wav,মস্তিষ্কের গঠন এবং behaviour মধ্যে পারস্পরিক সম্পর্ক বিজ্ঞানীদের গবেষণাকে সমর্থন করে।,10.012,ben-eng_spk0,ben-eng
ben_eng_concat.91,audio/ben_eng_concat.91.wav,"মার্কিন যুক্তরাষ্ট্রের Princeton বিশ্ববিদ্যালয় এবং সুইডেনের ইউপসালা বিশ্ববিদ্যালয়ের গবেষকরা জানিয়েছেন যে নতুন species just দুটি generations, মধ্যে বিবর্তিত হয়েছে, যদিও ডারউইন ফিঞ্চ, জেসোপিজা ফোর্টস এবং ইমিগ্র্যান্ট cactus ফিঞ্চ, জিওপিজা কনিরোস্ট্রিস মধ্যে প্রজননের কারণে এই প্রক্রিয়াটি আরও longer, সময় নেয় বলে মনে করা হয়।",35.499,ben-eng_spk0,ben-eng
ben_eng_concat.260,audio/ben_eng_concat.260.wav,"ভার্চুয়াল দলগুলি conventional দলের তুলনায় নিজেদের গুণমান বজায় রাখতে are teams, তবে সেখানেও সুক্ষ্ম পার্থক্য are differences.",13.815,ben-eng_spk0,ben-eng
ben_eng_concat.267,audio/ben_eng_concat.267.wav,"তারা সাধারণত বিশেষ খাদ্য, পানীয় এবং entertainment offers, করে যাতে করে অতিথিরা ভাল mood, থাকে এবং প্রাঙ্গণে অবস্থান করে।",12.003,ben-eng_spk0,ben-eng
ben_eng_concat.329,audio/ben_eng_concat.329.wav,সঙ্কর ধাতুগুলি basically দুই বা ততোধিক ধাতুর মিশ্রণ।পর্যায় সারণীতে অনেক উপাদান রয়েছে তা ভুলে যাবেন না।,10.044,ben-eng_spk0,ben-eng
ben_eng_concat.43,audio/ben_eng_concat.43.wav,সিঙ্গাপুরের উপ-প্রধানমন্ত্রী Wong কান সেং তাকে স্বাগত জানিয়েছিলেন এবং তিনি the Singapore Prime Minister লি হিসিয়েন লুং-এর সাথে বাণিজ্য ও সন্ত্রাসবাদের বিষয়ে আলোচনা করেছেন।,16.691,ben-eng_spk0,ben-eng
ben_eng_concat.343,audio/ben_eng_concat.343.wav,"""তাঁর কাজ such recognized গুণমানের এবং detail যে সে হচ্ছে """"ঘরে ঘরে নাম করা"""" philatelists. সংগ্রহকারীদের মধ্যে একজন। কেউ কেউ শুধুমাত্র তাঁর work সংগ্রহে বিশেষজ্ঞ ।""",19.091,ben-eng_spk0,ben-eng
ben_eng_concat.221,audio/ben_eng_concat.221.wav,"early দিনে এই শো long-running long-running চলা ইন্টারনেট রেডিও স্টেশন টগিনেটরেডিওতে featured হত, যা solely আলাপ radio. হিসেবেই focused radio.",15.803,ben-eng_spk0,ben-eng
ben_eng_concat.7,audio/ben_eng_concat.7.wav,"1966 সাল থেকে সুন্দরবন একটি বন্যপ্রাণী অভয়ারণ্য, এবং এই area. now আনুমানিক 400 টি রয়্যাল বেঙ্গল বাঘ এবং প্রায় 30,000 চিত্রা হরিণ আছে ।",17.484,ben-eng_spk0,ben-eng
ben_eng_concat.314,audio/ben_eng_concat.314.wav,স্ক্যাফোল্ডিং কোনও learning পদ্ধতি নয় বরং এমন একটি aid যা এমন individuals সহায়তা provides করে যাঁরা নতুন কোনও কম্পিউটার program ব্যবহার করা বা কোনও new প্রকল্প শুরু করার such নতুন a learning অভিজ্ঞতা অর্জন করছেন।,25.762,ben-eng_spk0,ben-eng
ben_eng_concat.178,audio/ben_eng_concat.178.wav,"ভার্চুয়াল স্ক্যাফোল্ডগুলো এই সফ্টওয়্যার নিজের মধ্যে internalized নেয়। এমন সমস্ত প্রশ্ন, যার তাত্ক্ষণিক এবং prompt, ব্য়াখ্যা করা একা শিক্ষার্থীর পক্ষে কঠিন prompt, তাতে সাহায্য করে এই সফটঅয়্যার।",19.611,ben-eng_spk0,ben-eng
ben_eng_concat.303,audio/ben_eng_concat.303.wav,"MDT সময় রাত 10:00-11:00 এর মধ্যে, আগুনের সূত্রপাত বন্দীদের দ্বারা শুরু হয়েছিল।",6.388,ben-eng_spk0,ben-eng
ben_eng_concat.217,audio/ben_eng_concat.217.wav,এই দলের কীটপতঙ্গদের চেনাতে entomologists বিধিসম্মত ভাবে bug শব্দটি ব্যবহার করে।,8.675,ben-eng_spk0,ben-eng
ben_eng_concat.6,audio/ben_eng_concat.6.wav,"রি-এন্ট্রি shock কালচার shock এর থেকে তাড়াতাড়ি আসে (হানিমুনের পর্বের চেয়ে কম) কিন্তু longer, হয় এবং আরও মারাত্মক হতে পারে।",13.275,ben-eng_spk0,ben-eng
ben_eng_concat.93,audio/ben_eng_concat.93.wav,"সুতরাং, the notation it likely simply যুক্ত করা হয়েছিল লেবেল হিসাবে।",7.635,ben-eng_spk0,ben-eng
ben_eng_concat.59,audio/ben_eng_concat.59.wav,"ক্ষমতাসীন party, সাউথ-ওয়েস্ট আফ্রিকা পিপলস People's Organisation (SWAPO), সংসদ নির্বাচনেও সংখ্যাগরিষ্ঠতা ধরে রেখেছে।",12.979,ben-eng_spk0,ben-eng
ben_eng_concat.113,audio/ben_eng_concat.113.wav,লক্ষা Singh ছাপ্পান bhog ভজন উপস্থাপন করেছিলেন। তার সঙ্গ দিয়েছিলেন সংগীতশিল্পী রাজু খানদেলওয়াল।,10.339,ben-eng_spk0,ben-eng
ben_eng_concat.154,audio/ben_eng_concat.154.wav,"সাবধান হন, কাপড় যাতে খুব গরম না হয়ে যায় (এতে সঙ্কোচন হতে পারে বা ক্ষেত্রবিশেষে জ্বলেও যেতে পারে)।",8.052,ben-eng_spk0,ben-eng
ben_eng_concat.272,audio/ben_eng_concat.272.wav,চার্চের central authority এক হাজার বছরেরও বেশি সময় ধরে Rome ছিল এবং power এবং money এই concentration tenet জন্য এটি বিশ্বাসযোগ্য হচ্ছে কিনা তা নিয়ে many প্রশ্ন উত্থাপিত met.,19.366,ben-eng_spk0,ben-eng
ben_eng_concat.55,audio/ben_eng_concat.55.wav,"মহিলা: প্রকৃত বৈবাহিক অবস্থা নির্বিশেষে যে কোনও women ভ্রমণকারীদের বলা উচিত যে তারা married, status.",9.52,ben-eng_spk0,ben-eng
ben_eng_concat.131,audio/ben_eng_concat.131.wav,পিরামিডের উপরিতলে দৃশ্যগুলি ফুটে উঠলে পিরামিডগুলি উজ্জ্বল হয়ে ওঠে।,5.348,ben-eng_spk0,ben-eng
ben_eng_concat.203,audio/ben_eng_concat.203.wav,"""একটি সত্যিকার """"অদৃশ্য দল"""" (লারসন এবং LaFasto, ১৯৮৯, p১০৯) এর উপস্থিতিও অপার্থিব team. অনন্য component team.",10.951,ben-eng_spk0,ben-eng
ben_eng_concat.256,audio/ben_eng_concat.256.wav,হংকং দ্বীপের নামে Hong Kong এই অঞ্চলটির নামকরণ এবং এই is place অনেক পর্যটকের main লক্ষ্য হিসাবে regard হয়ে থাকে।,14.803,ben-eng_spk0,ben-eng
ben_eng_concat.24,audio/ben_eng_concat.24.wav,"বিশেষ্য nouns, মতো 'সি' (তুমি) শব্দটিও সবসময় বড় হাতের অক্ষর দিয়ে শুরু letter, এমনকি sentence. মাঝেও।",11.019,ben-eng_spk0,ben-eng
ben_eng_concat.312,audio/ben_eng_concat.312.wav,manufactured জিনিসগুলি antiques. কিনা তার কোন সার্বজনীন definition no antiques. কিছু tax অ্যাজেন্সি 100 বছরের বেশি পুরানো জিনিসগুলি প্রাচীন বলে আখ্যা দিয়ে antiques.,18.451,ben-eng_spk0,ben-eng
ben_eng_concat.103,audio/ben_eng_concat.103.wav,"moon যেমন পৃথিবীতে একটি টান প্রয়োগ করে যার so জোয়ারের সৃষ্টি হয়, তেমনি Sagittarius galaxy. সাগিটারিয়াস ছায়াপথের উপরে একটি force প্রয়োগ করে।",16.159,ben-eng_spk0,ben-eng
ben_eng_concat.118,audio/ben_eng_concat.118.wav,"আমরা নিশ্চিতভাবে জানি না, কিন্তু এটির forked জিহবা থেকে থাকতে পারে। এর খাদ্যতালিকার included রয়েছে turtles, বৃহদাকার মাছ, অন্যান্য মোসাসোরস এবং এটি এমনকি নরখাদকও হয়ে থাকতে পারে।",18.827,ben-eng_spk0,ben-eng
ben_eng_concat.100,audio/ben_eng_concat.100.wav,"""বেশিরাভাগ প্রযুক্তিগত নির্ধারণের দুটি সাধারণ interpretations ideas: হয়ে share ideas: যে মূলত সাংস্কৃতিক বা political প্রভাব ছাড়িয়ে প্রযুক্তির বিকাশ নিজেই একটি পথ অনুসরণ follows এবং সেই প্রযুক্তির ফলে সামাজিক শর্তের পরিবর্তে অন্তর্নিহিত societies """"প্রভাব"""" পড়ে।""",27.995,ben-eng_spk0,ben-eng
ben_eng_concat.31,audio/ben_eng_concat.31.wav,"প্লিটভাইস লেক-এর মতো উদ্যানটিতে মূলত beech, স্প্রস এবং fir গাছের ঘন বন রয়েছে এবং এতে আলপাইন ও ভূমধ্যসাগরীয় vegetation. একটি সংমিশ্রণ রয়েছে।",16.107,ben-eng_spk0,ben-eng
ben_eng_concat.188,audio/ben_eng_concat.188.wav,"""মুহাম্মদ এই সাংসারিক জীবনের বাইরের বিষয়গুলিতে deeply আগ্রহী was life. ধ্যানের জন্য তিনি মাঝে মাঝে এমন একটি গুহা ব্যবহার করতেন যা """"নূর"""" (light) পর্বতের """"হীরে"""" নামে পরিচিত ছিল। """,18.235,ben-eng_spk0,ben-eng
ben_eng_concat.120,audio/ben_eng_concat.120.wav,"কিছু জাহাজ তার বৈশিষ্ট্য পুস্তিকায় বার্লিন, Germany feature brochures. যেমন আপনি দেখতে পান উপরের মানচিত্র থেকে যে বার্লিন সমুদ্রের নিকটবর্তী where নয় এবং শহরটিতে ভ্রমণের খরচ ক্রুজের দামের অন্তর্ভুক্ত নয়।",21.475,ben-eng_spk0,ben-eng
ben_eng_concat.331,audio/ben_eng_concat.331.wav,"কোন সুনামি warning জারি করা হয়নি, এবং জাকার্তা জিওফিজিকস এজেন্সি অনুযায়ী, কোন tsunami warning জারি করা হবে না কারণ quake ৬.৫ মাত্রার প্রয়োজন পূরণ did requirement.",17.679,ben-eng_spk0,ben-eng
ben_eng_concat.291,audio/ben_eng_concat.291.wav,"বাঘটির গর্জন একটি full-voiced পূর্ণ-কণ্ঠস্বরের গর্জনের মতো নয়, বরং গরগর করা ও চেঁচানো শব্দের তৈরি একটি বাক্যের মতো।",11.516,ben-eng_spk0,ben-eng
ben_eng_concat.233,audio/ben_eng_concat.233.wav,"তবুও, কর্তৃপক্ষের কাছ থেকে advice authorities, সমস্ত সংকেতগুলো মেনে take এবং নিরাপত্তা সম্পর্কিত warnings. বিষয়ে গভীর attention দিন।",14.787,ben-eng_spk0,ben-eng
ben_eng_concat.212,audio/ben_eng_concat.212.wav,"Congress ২০০৫-এর fiscal অশ্লীল উদ্যোগকে funding জোগান দেয়া শুরু করে এবং specified করে দেয় যে, the FBI অবশ্যই প্রাপ্তবয়স্কদের পর্নোগ্রাফিতে 10 জন এজেন্টদের নিযুক্ত করতে হবে।",19.175,ben-eng_spk0,ben-eng
ben_eng_concat.286,audio/ben_eng_concat.286.wav,"যদিও গোমা যথাযথভাবে নিরাপদ, তবে গোমার বাইরে যেকোনও ঘোরার বিষয়ে researched করা উচিত উত্তর কিভু in province. চলতে that persists যুদ্ধের অবস্থা বোঝার জন্য।",15.963,ben-eng_spk0,ben-eng
ben_eng_concat.69,audio/ben_eng_concat.69.wav,উদ্ভিদ সূর্যালোকের সাহায্যে photosynthesis. প্রক্রিয়ার মাধ্যমে তাদের খাদ্য তৈরি করে। তারা shade. দেয়।,11.347,ben-eng_spk0,ben-eng
ben_eng_concat.210,audio/ben_eng_concat.210.wav,"Rip স্রোত হল সমুদ্র সৈকত থেকে ফিরে আসা flow beach, প্রায়ই এটি একটি রিফ বা similar. অনুরূপ।",10.087,ben-eng_spk0,ben-eng
ben_eng_concat.269,audio/ben_eng_concat.269.wav,"বলা বাহুল্য যে, আপনি রোমান ভাষা জানলে আপনার পক্ষে পর্তুগিজ শেখায় সহজ will Portuguese.",8.664,ben-eng_spk0,ben-eng
ben_eng_concat.342,audio/ben_eng_concat.342.wav,"এর long চোয়ালগুলি খচিত ছিল সত্তর-এর ( 70 ) থেকে বেশি razor-sharp razor-sharp দাঁত দিয়ে, এরই along ছিল মুখগহবরের উপরের দিকে একটি extra সেট, মানে যা কিছু এর রাস্তায় পড়ত তার কোনো রেহাই ছিল না।",19.235,ben-eng_spk0,ben-eng
ben_eng_concat.60,audio/ben_eng_concat.60.wav,"গ্রিনল্যান্ডে খাপছাড়া ভাবে বসতি settled sparsely. নর্স sagas অনুযায়ী, এরিক দ্য রেড murder, অপরাধে আইসল্যান্ড থেকে নির্বাসিত হয়েছিল, এবং আরও পশ্চিমে travelling west, Greenland খুঁজে পেয়েছিলেন এবং সেই ভূখণ্ডের নামকরণ করেছিলেন গ্রিনল্যান্ড।",22.755,ben-eng_spk0,ben-eng
ben_eng_concat.207,audio/ben_eng_concat.207.wav,"যদি শীতকালে Northern বাল্টিক crossing করা হয়, তবে কেবিনের location, পরীক্ষা করে location, কারণ বরফের মধ্য দিয়ে যাওয়ার সময় quite ক্ষতিগ্রস্থ কেবিনগুলো থেকে horrible শব্দ হয়।",20.546,ben-eng_spk0,ben-eng
ben_eng_concat.84,audio/ben_eng_concat.84.wav,"কেউ একজন যে উঁচু এলাকাগুলো কিংবা mountain passes দিয়ে গাড়ি চালাতে যাচ্ছে তার উচিৎ তুষার, বরফ বা শীতল তাপমাত্রার the possibility বিবেচনায় নেয়া।",15.043,ben-eng_spk0,ben-eng
ben_eng_concat.8,audio/ben_eng_concat.8.wav,একই দিনে আনুমানিক ১২:০০ জিএমটি সময়ে vehicle itself দুর্ঘটনার স্থান থেকে সরিয়ে ফেলা হয়েছিল।,8.78,ben-eng_spk0,ben-eng
ben_eng_concat.165,audio/ben_eng_concat.165.wav,"রাজা ও রানির বিরুদ্ধে হুমকি দিয়ে screaming shouting করতে থাকা উত্তেজিত জনতার মাঝে একটি গাড়ীতে carriage, তারা back Paris ফিরে আসছিল।",16.779,ben-eng_spk0,ben-eng
ben_eng_concat.139,audio/ben_eng_concat.139.wav,একজন শুধুমাত্র wonder হতে পারে এই ভেবে যে when নতুন কিছু comes তখন কী-বোর্ড কীরকম will along.,11.647,ben-eng_spk0,ben-eng
ben_eng_concat.335,audio/ben_eng_concat.335.wav,"সিংহের prides আচরণ অনেকটা একদল wolves বা কুকুরের মতো, বিস্ময়করভাবে সিংহের সাথে সাদৃশ্যপূর্ন আচরণের পশু (তবে অন্যান্য বড় বিড়াল নয়), এবং শিকারদের প্রতি এরা অত্যন্ত deadly prey.",20.103,ben-eng_spk0,ben-eng
ben_eng_concat.18,audio/ben_eng_concat.18.wav,"স্যাঁতসেঁতে কাপড় ইস্ত্রি করলে তা শুকনো হতে সাহায্য করে। অনেক হোটেলে আয়রন এবং আয়রন করার টেবিল থাকে, even কি ঘরে কেউ উপস্থিত না থাকলেও।",13.292,ben-eng_spk0,ben-eng
ben_eng_concat.1,audio/ben_eng_concat.1.wav,"যদিও AI এর বিজ্ঞানের কথাসাহিত্যে দৃড় strong রয়েছে, AI কম্পিউটার বিজ্ঞানের একটি খুব গুরুত্বপূর্ণ branch গঠন করে science, কোনও যন্ত্রের behavior, শেখার এবং বুদ্ধির অভিযোজন নিয়ে কাজ করে।",21.619,ben-eng_spk0,ben-eng
ben_eng_concat.240,audio/ben_eng_concat.240.wav,"ওট্টায়া কানাডার মনোরম, bilingual capital যা বিভিন্ন art প্রদর্শনী এবং সংগ্রহশালার মধ্য দিয়ে কানাডার অতীত ও Canada's present. তুলে ধরে।",14.427,ben-eng_spk0,ben-eng
ben_eng_concat.58,audio/ben_eng_concat.58.wav,"particular, দাবি claimed হয় যে কোনও ব্যক্তি মিথ্যা বলছেন কিনা তা বোঝা যায়, তার মুখের সূক্ষ্ম অভিব্যক্তিগুলি সঠিকভাবে সনাক্ত করে।",14.207,ben-eng_spk0,ben-eng
ben_eng_concat.5,audio/ben_eng_concat.5.wav,"সামাজিকীকরণের গুরুত্ব চিত্রায়ন used কিছু সাধারণ পদ্ধতি হল- children বেড়ে ওঠার সময় তাদের প্রতি অবহেলা, অযাচিত আচরণ এবং wilful abuse, মতো দূর্ভাগ্যজনক পরিস্থিতি সৃষ্টি abuse, যা তাদের প্রাপ্তবয়স্কদের সাথে মিশতে বাধা দান করে।",23.955,ben-eng_spk0,ben-eng
ben_eng_concat.86,audio/ben_eng_concat.86.wav,"1960 সাল জুড়ে, ব্রজেজিনস্কি John এফ. Kennedy his জন্য উপদেষ্টা হিসেবে কাজ করেছিলেন এবং then Lyndon বি. জনসন প্রশাশন এর সাথে।",13.835,ben-eng_spk0,ben-eng
ben_eng_concat.224,audio/ben_eng_concat.224.wav,ভ্যাটিকান সিটির population around 800। এটি বিশ্বের সবচেয়ে ক্ষুদ্রতম independent দেশ এবং সবচেয়ে কম জবহুল country population.,14.727,ben-eng_spk0,ben-eng
ben_eng_concat.347,audio/ben_eng_concat.347.wav,"Severe আবহাওয়া হল কোনও বিপজ্জনক আবহাওয়া ঘটনার যেমন damage, মারাত্মক সামাজিক বিপর্যয় বা of human life. প্রাণহানীর মত ঘটনার generic term life.",15.443,ben-eng_spk0,ben-eng
ben_eng_concat.252,audio/ben_eng_concat.252.wav,রোমের various জায়গায় একাধিক বড় টেলিভিশন screens স্থাপন করা হয়েছিল যাতে জনগন the ceremony. দেখতে ceremony.,15.231,ben-eng_spk0,ben-eng
ben_eng_concat.30,audio/ben_eng_concat.30.wav,"সম্পন্ন কাজটির বেশিরভাগই ছিল তাত্ত্বিক, তবে কর্মসূচিটি সাগিটারিয়াস of the galaxy. পর্যবেক্ষণগুলি অনুকরণ করার জন্য রচিত হয়েছিল।",13.299,ben-eng_spk0,ben-eng
ben_eng_concat.115,audio/ben_eng_concat.115.wav,"কিছু এলাকায় এক মিনিট পানি boiling enough, অন্যান্য এলাকায় কয়েক মিনিট পানি ফুটানোর needed. হয়।",9.187,ben-eng_spk0,ben-eng
ben_eng_concat.132,audio/ben_eng_concat.132.wav,"প্রদর্শন শুরু হওয়ার পাঁচ মিনিটের মধ্যে একটি বাতাস ঘুরতে শুরু করে, প্রায় এক মিনিট পরে, বাতাসটি ৭০ কিলোমিটার/ঘণ্টায় পৌঁছায়... তারপরে rain comes, তবে তা এত hard এবং এত large ফোঁটায় পড়ে যে চামড়ায় সুঁইয়ের মতো বিঁধে, then আকাশ থেকে hail and screaming বৃষ্টি শুরু হয় এবং people ভয় পেয়ে চিৎকার করতে করতে দৌড়াতে থাকে।",31.354,ben-eng_spk0,ben-eng
ben_eng_concat.270,audio/ben_eng_concat.270.wav,'Hostile পরিবেশ কোর্স' এর জন্য ইন্টারনেট অনুসন্ধানে probably কোনও স্থানীয় সংস্থার ঠিকানা দিবে।,10.944,ben-eng_spk0,ben-eng
ben_eng_concat.198,audio/ben_eng_concat.198.wav,"এটি আমাদের ট্রেন, car, এবং অন্যান্য অনেকগুলি পরিবহণ ব্যাবস্থা brought দিয়েছে।",8.835,ben-eng_spk0,ben-eng
ben_eng_concat.242,audio/ben_eng_concat.242.wav,"দুর্ভাগ্যক্রমে, traffic গতিবিধি আন্দাজ করা is difficult কারণ চালকদের মতিগতি একশত ভাগ নিশ্চিতভাবে কখনই বোঝা যায় না।",12.099,ben-eng_spk0,ben-eng
ben_eng_concat.315,audio/ben_eng_concat.315.wav,"এই সেবাটি স্থানান্তরে প্রায়শই used হয়, যার মধ্যে অন্তর্গত আনন্দশৈলী, expeditions যাদের দূরবর্তী data এবং ভয়েসের needs. আছে।",15.027,ben-eng_spk0,ben-eng
ben_eng_concat.288,audio/ben_eng_concat.288.wav,গ্রীস সম্পর্কে জ্ঞান অস্বীকার করায় পাশ্চাত্য নিজেকে Greek দার্শনিক ও scientific শিকড় থেকে cut off হওয়া শুরু found roots.,14.751,ben-eng_spk0,ben-eng
ben_eng_concat.182,audio/ben_eng_concat.182.wav,"Perry বলেছিলেন যে, """"""""আজ রাতের সভার results আন্দাজ করতে এবংএখানকার প্রতিযোগিতায় path forward টিকতে পারবো কি না, তা বুঝতে to Texas ফিরে আসবো"""""""", তবে পরে said যে, তিনি এই in race থাকবেন এবং ২১ জানুয়ারি South Carolina প্রাথমিক প্রতিযোগিতায় compete করবেন।""""""",29.07,ben-eng_spk0,ben-eng
ben_eng_concat.54,audio/ben_eng_concat.54.wav,লোকজন anticipate anticipate may anticipate না যে travellers ঘরে ফেরার জন্য ধৈর্য এবং সমঝোতা এই দুইয়েরও home.,11.879,ben-eng_spk0,ben-eng
ben_eng_concat.226,audio/ben_eng_concat.226.wav,"কোক্যামো উপত্যকা - দক্ষিণ America, ইয়োসেমাইট নামে known Chile's Yosemite বড় প্রাচীর ও দুরারোহ পাহাড় সমেত চিলির প্রধান আরোহণের গন্থব্যস্থল।",14.419,ben-eng_spk0,ben-eng
ben_eng_concat.187,audio/ben_eng_concat.187.wav,"বেস স্টেশনটিতে ডুয়াল রেডিও থাকায়, এটি 802.11a, 802.11b and 802.11g এর সাথে ব্যাকওয়ার্ড কম্পেটিবল হিসেবে কাজ will be radios.",9.152,ben-eng_spk0,ben-eng
ben_eng_concat.281,audio/ben_eng_concat.281.wav,প্রাচীন চীনদের ইতিহাসের রক্তাক্ত eras মধ্যে 3 Kingdoms 1(এক) অন্যতম ছিল রক্তাক্ত যুগের হাজার হাজার মানুষ শি'আনের ভবনের প্রাসাদের সর্বোচ্চ আসনে sit লড়াই করে মারা গিয়েছিল।,19.563,ben-eng_spk0,ben-eng
ben_eng_concat.197,audio/ben_eng_concat.197.wav,"একটি civilization একটি একক culture যা একটি উল্লেখযোগ্য বৃহৎ group people ধারণ করে, যারা একটি সমাজে পারস্পারিক সহযোগিতা এবং society. মধ্য work করে।",17.083,ben-eng_spk0,ben-eng
ben_eng_concat.42,audio/ben_eng_concat.42.wav,"তাদের শৃঙ্খলাবদ্ধ প্রতিরক্ষা, বল handling করার skills এবং দুর্দান্ত দলবদ্ধতা তাদেরকে ব্যতিক্রমী করে made এবং এটি স্পষ্ট হয়ে যায় এটিই সেই দল যারা beat. করতে পারে।",19.043,ben-eng_spk0,ben-eng
ben_eng_concat.345,audio/ben_eng_concat.345.wav,এই স্ফটিকগুলির গঠন in affected পালিত পশুগুলির মূত্র থেকে পাওয়াগুলির সাথে matches যায় যখন অবলোহিত infrared spectroscopy spectroscopy ( FTIR ) দ্বারা তুলনা করা হয়।,15.899,ben-eng_spk0,ben-eng
ben_eng_concat.121,audio/ben_eng_concat.121.wav,"বিনোদন সম্পর্কিত নিউজ ওয়েবসাইট TMZ বুঝতে পেরেছে যে চিত্রসাংবাদিক তার গাড়িটি সেপুলভেদা বুলেভার্ডের অন্যপ্রান্তে থামিয়ে রাস্তা before crossing পুলিশ stop এর pictures তুলতে গেলে এবং continuing, থাকলে, ক্যালিফোর্নিয়া Highway প্যাট্রোল পুলিশ police officer যানবাহন নিয়ন্ত্রণের সময় তাকে দুইবার ফেরত পাঠানোর নির্দেশ twice.",33.246,ben-eng_spk0,ben-eng
ben_eng_concat.299,audio/ben_eng_concat.299.wav,পরীক্ষিত রাসায়নিকে উপস্থিত হাইড্রোজেন (pH মধ্যে H) আয়নগুলির পরিমাণ দ্বারা pH স্তরটি নির্দেশিত হয়।,7.972,ben-eng_spk0,ben-eng
ben_eng_concat.32,audio/ben_eng_concat.32.wav,এভাবে কলম people কাছের friend পরিণত হল।,5.683,ben-eng_spk0,ben-eng
ben_eng_concat.326,audio/ben_eng_concat.326.wav,"""এটি ""Vichy"" ফরাসি কর্তৃক শাসিত হয়েছিল। এরা হলো ফরাসি লোক যারা ১৯৪০ সালে জার্মানদের সাথে শান্তি made had made এবং লড়াই করার instead of আক্রমণকারীদের সাথে কাজ করেছিল।""",18.235,ben-eng_spk0,ben-eng
ben_eng_concat.17,audio/ben_eng_concat.17.wav,"ভিডিয়ো রেকর্ডিংয়ের ব্যবহারের ফলে কয়েক মিলিসেকেন্ড এর জন্য স্থায়ী micro-expressions, micro-expressions, অভিব্যক্তি, মুখের movements ব্যাখ্যায় গুরুত্বপূর্ণ discoveries milliseconds.",15.431,ben-eng_spk0,ben-eng
ben_eng_concat.124,audio/ben_eng_concat.124.wav,"আমরা USOC's যুক্তরাষ্ট্রের অলিম্পিক কমিটির এই বক্তব্যের সাথে একমত যে আমাদের ক্রীড়াবিদ ও ক্লাব এবং তাদের sport, স্বার্থে, decertification. decertification. পরিবর্তে আমাদের within organization, মধ্যে অর্থবহ পরিবর্তনের সাথে moving বিষয়টিতে আরও ভালভাবে সাহায্য হতে পারে।",30.523,ben-eng_spk0,ben-eng
ben_eng_concat.21,audio/ben_eng_concat.21.wav,"কেউ ওয়াইল্ড কার্ডও be beneficial buy may Card, যা South Africa বিশেষ কিছু পার্ক অথবা যে কোনো জাতীয় উদ্যানে ঢোকার সুযোগ দেয়।",12.395,ben-eng_spk0,ben-eng
ben_eng_concat.20,audio/ben_eng_concat.20.wav,উত্তরের অঞ্চলটি সাহেল এবং দক্ষিণ ও পশ্চিমের অঞ্চলটি আটলান্টিক Ocean. দ্বারা bounded রয়েছে।,10.579,ben-eng_spk0,ben-eng
ben_eng_concat.145,audio/ben_eng_concat.145.wav,দুটি পয়েন্টের মাঝে individual ড্রাইভার এবং তাদের যানের মধ্যে যে চলন ও কথাবার্তা movement সেই বিদ্যাকেই ট্রাফিক Flow বলে।,13.307,ben-eng_spk0,ben-eng
ben_eng_concat.313,audio/ben_eng_concat.313.wav,"""গাছগুলি প্রাকৃতিক পরিবেশে় থাকাকালীন their best look best দেখায়, তাই """"মাত্র একটি"""" নমুনা তোলার লোভ সংবরণ করুন।""",10.764,ben-eng_spk0,ben-eng
ben_eng_concat.14,audio/ben_eng_concat.14.wav,সাধারণত আপনি সবসময় পর্যটক এবং vendors. আওয়াজই শোনেন। শব্দ ও light বর্ণনা একদম যেন গল্পের বইয়ের মতো।,12.323,ben-eng_spk0,ben-eng
ben_eng_concat.61,audio/ben_eng_concat.61.wav,"কারণ ডায়নোসরের পালকগুলোর সুগঠিত দণ্ড ছিল not shaft, যেগুলোকে রেচিস called rachis, তবে পালকগুলোর other বৈশিষ্ট্য ছিল- কাঁটা ও সূক্ষ্ম কাঁটা - গবেষকরা অনুমান করছেন যে খুব সম্ভবত বিবর্তনের উন্নতি সাধনের ফলে later যেসব features. development পায় রেচিস তার একটি।",26.347,ben-eng_spk0,ben-eng
ben_eng_concat.78,audio/ben_eng_concat.78.wav,"জাপানের পারমানবিক সংস্থার সূত্রে জানা গিয়েছে, প্ল্যান্টটিতে তেজস্ক্রিয় caesium এবং আয়োডিন চিহ্নিত করা plant.",10.079,ben-eng_spk0,ben-eng
ben_eng_concat.241,audio/ben_eng_concat.241.wav,"এই city দেশের rest cities, থেকে একেবারেই বিপরীত, কারণ country's it পরিবেশে আফ্রিকার পরিবর্তে আরবের প্রভাবই বেশি।",12.507,ben-eng_spk0,ben-eng
ben_eng_concat.264,audio/ben_eng_concat.264.wav,The find পাখির পালকের বিবর্তনের বিষয়েও পরিজ্ঞান দেয়,5.224,ben-eng_spk0,ben-eng
ben_eng_concat.4,audio/ben_eng_concat.4.wav,হংকং-এর আকাশরেখা make likened থাকা parade buildings ভিক্টোরিয়া হার্বারের জলে যেন চকমকে Victoria চার্টের মতো প্রতিচ্ছবি তৈরি করে।,13.947,ben-eng_spk0,ben-eng
ben_eng_concat.275,audio/ben_eng_concat.275.wav,"বিশ্ববিদ্যালয়ের গবেষকরা জানিয়েছেন, 2টি যৌগের একে অন্যের সাথে বিক্রিয়া করে ক্রিস্ট্যাল গঠন করে যা kidney কার্যক্রমে বাধা দিতে পারে।",12.652,ben-eng_spk0,ben-eng
ben_eng_concat.82,audio/ben_eng_concat.82.wav,"boating চালানোর জন্য ফিনল্যান্ড একটি দুর্দান্ত স্থান। """"হাজার হ্রদের ভূমির"""" হ্রদ এবং উপকূলীয় too, in archipelagos. thousands হাজার islands রয়েছে।""",15.119,ben-eng_spk0,ben-eng
ben_eng_concat.153,audio/ben_eng_concat.153.wav,"Schengen The zone, অবশ্য এই ক্ষেত্রে কিছুটা একটি দেশের মতো works respect.",7.532,ben-eng_spk0,ben-eng
ben_eng_concat.200,audio/ben_eng_concat.200.wav,"ব্লগের যথাযথ ব্যবহার ""can students more বেশি বিশ্লেষণাত্মক এবং সমালোচক করে তুলতে পারে; শিক্ষার্থীরা অন্যের লেখার প্রসঙ্গে Internet এর উপকরণগুলিতে সক্রিয় প্রতিক্রিয়ার মাধ্যমে তাদের অবস্থানগুলি ব্যাখ্যা করতে পারে এবং একই সাথে নির্দিষ্ট সমস্যাগুলিতে তাদের নিজস্ব perspectives রূপরেখা ফুটিয়ে তুলতে পারে (ওরাভেক, 2002)।",29.419,ben-eng_spk0,ben-eng
ben_eng_concat.219,audio/ben_eng_concat.219.wav,"women's বসে থাকা দলের চারজন skiers তাদের runs, শেষ করতে ব্যর্থ runs, এবং জায়ান্ট স্লালমের মোট ১১৭ জন স্কিচালকের মধ্যে ৪৫ জন দৌড়ে rank পেতে failed হয়েছিল।",17.279,ben-eng_spk0,ben-eng
ben_eng_concat.271,audio/ben_eng_concat.271.wav,"USA জিমন্যাসটিক্স এবং USOC একই লক্ষ্য- জিমন্যাসটিক্স, এবং অন্যান্য খেলাগুলিকে, ক্রীড়াবিদদের জন্য যতটা সম্ভব নিরাপদ করা যাতে তারা একটি নিরাপদ, নিশ্চিত এবং ক্ষমতাশীল পরিবেশে তাদের dreams অনুসরণ করতে possible environment.",22.731,ben-eng_spk0,ben-eng
ben_eng_concat.41,audio/ben_eng_concat.41.wav,"অন্যান্য মনোনয়নের মধ্যে রয়েছে সেরা ছবি, পরিচালক, Cinematography, Costume Design, কস্টিউম ডিজাইন, চলচ্চিত্র-সম্পাদনা, অরিজিনাল স্কোর, প্রোডাকশন ডিজাইন, শব্দ সম্পাদনা, সাউন্ড মিক্সিং এবং Original চিত্রনাট্য।",21.835,ben-eng_spk0,ben-eng
ben_eng_concat.95,audio/ben_eng_concat.95.wav,"""""""এটা বিদায় হতে যাচ্ছে না। এটা কেবল এক অধ্যায়ের closing এবং আরেক অধ্যায়ের opening one.""",9.056,ben-eng_spk0,ben-eng
ben_eng_concat.231,audio/ben_eng_concat.231.wav,মরোক্কার সুলতান এই শহরটি দারু l-Badya নামে পুনর্নির্মাণ করেছিলেন এবং স্পেনীয় ব্যবসায়ীরা যারা সেখানে বাণিজ্য bases established করেছিল তারা এর নাম দেন ক্যাসাব্লাঙ্কা।,16.963,ben-eng_spk0,ben-eng
ben_eng_concat.50,audio/ben_eng_concat.50.wav,Nyiragongo আগ্নেয়গিরির আরোহণের পাশাপাশি Africa. সস্তার মাউন্টেন Gorilla ট্র্যাকিং করার ঘাঁটি ছিল এই শহরটি।,11.607,ben-eng_spk0,ben-eng
ben_eng_concat.155,audio/ben_eng_concat.155.wav,"যদি তুমি ন্যাশনাল Treasure, movie টি দেখে থাকো, তুমি হয়তো ভাবতে পারো যে সম্পদের মানচিত্র লেখা হয়েছিল স্বাধীনতা ঘোষণার পশ্চাৎ দিকে।",15.836,ben-eng_spk0,ben-eng
ben_eng_concat.304,audio/ben_eng_concat.304.wav,"তাদের আঁশ ও থাবাযুক্ত পা have claws, তারা ডিম পাড়ে, তারা টি–রেক্সের মতো পিছনের দু’পায়ে ভর দিয়ে walk T-Rex.",10.415,ben-eng_spk0,ben-eng
ben_eng_concat.163,audio/ben_eng_concat.163.wav,এই দম্পতিরা তাদের সন্তানের জন্য একটি দত্তক গ্রহণের পরিকল্পনা তৈরি করতে পারেন।,6.628,ben-eng_spk0,ben-eng
ben_eng_concat.76,audio/ben_eng_concat.76.wav,"Scotturb বাস ৪০৩ নিয়মিত Sintra, travels Sintra, কাবো da রোকাতে stopping যায়।",8.991,ben-eng_spk0,ben-eng
ben_eng_concat.230,audio/ben_eng_concat.230.wav,"29 বছর বয়সী ডঃ মালার বালাসুব্রামানিয়ানকে, সিনসিনাটির থেকে approximately 15 মাইল north ওহাইওর ব্লু অ্যাশের একটি suburb in টি-শার্ট এবং underwear পরিহিত অবস্থায় এবং খুবই medicated ভাবে রাস্তার পাশে মাটিতে পড়ে থাকা অবস্থায় পাওয়া গিয়েছিল।",25.803,ben-eng_spk0,ben-eng
ben_eng_concat.27,audio/ben_eng_concat.27.wav,"2002 সালে গোমাকে Nyiragongo আগ্নেয়গিরির লাভা দ্বারা ধ্বংস হয়েছিল যা town’s বেশিরভাগ রাস্তা, particularly করে town কেন্দ্রস্থলকে নষ্ট করে দিয়েছিল।",18.259,ben-eng_spk0,ben-eng
ben_eng_concat.129,audio/ben_eng_concat.129.wav,"First, most riders wear riding boots পড়ে যাতে হিল থাকে এবং একটি মসৃণ, প্রায় narrow, sole. পদতল sole.",10.819,ben-eng_spk0,ben-eng
ben_eng_concat.45,audio/ben_eng_concat.45.wav,কিছু verbs এবং বস্তুর মধ্যে distinguish করার জন্য এটি একটি important উপায়।,9.723,ben-eng_spk0,ben-eng
ben_eng_concat.195,audio/ben_eng_concat.195.wav,"Remember রাখবেন যে main পর্যায়ে সংগীত finished, হয়ে গেলেও, কিছু অনুষ্ঠান থাকতে পারে যেখানে অনেক night. পর্যন্ত সংগীত বাজানো হয়।",13.807,ben-eng_spk0,ben-eng
ben_eng_concat.128,audio/ben_eng_concat.128.wav,"ব্লগ ছাত্রছাত্রীদের লেখার উন্নতিও করতে পারে। যদিও প্রায়শই ছাত্রছাত্রীদের blog লেখার begin grammar ও বানানের ভুল spelling, কিন্তু পাঠকের উপস্থিতির ফলে generally তা ঠিক হয়ে যায়।",16.899,ben-eng_spk0,ben-eng
ben_eng_concat.248,audio/ben_eng_concat.248.wav,"People now কম্পিউটারের স্ক্রিনে বার্তা write screens, কখনও কোনও শার্পানার এর প্রয়োজন হয় না।",9.104,ben-eng_spk0,ben-eng
ben_eng_concat.199,audio/ben_eng_concat.199.wav,কাঠামোতে গ্রাফিতি বা অন্য কিছু একে জায়গাটির সৌন্দর্য নষ্ট করবেন না।,7.236,ben-eng_spk0,ben-eng
ben_eng_concat.325,audio/ben_eng_concat.325.wav,"মিসেস কার্চনার প্রেসিডেন্ট প্রার্থী হিসেবে লড়ার ইচ্ছা প্রকাশ করে ঘোষণা দিয়েছেন আর্জেন্টাইন থিয়েটারে, একই জায়গায় যেখান থেকে সে ২০০৫ সালে বুয়েন্স আইরেস প্রদেশের সিনেট প্রতিনিধি দলের member হওয়ার প্রচারণা শুরু করেছিলেন।",18.796,ben-eng_spk0,ben-eng
ben_eng_concat.0,audio/ben_eng_concat.0.wav,"""তিনি তার তার কুড়ি দশকে ছিলেন reportedly রিপোর্ট করা হয়। কটি বিবৃতিতে Bieber বলেছিলেন, ""[w]hile I এই tragic দুর্ঘটনার সময় উপস্থিত ছিলাম না, সরাসরি জড়িত ছিলাম accident, আমার চিন্তা এবং prayers ক্ষতিগ্রস্থ family সাথে রয়েছে।""""""",25.098,ben-eng_spk0,ben-eng
ben_eng_concat.292,audio/ben_eng_concat.292.wav,"Europe একটি relatively ছোটো মহাদেশ হওয়া সত্ত্বেও বেশ কিছু স্বতন্ত্র দেশের ধারক। সাধারণ পরিস্থিতিতে, multiple through countries যাত্রা করার mean বহুবার ভিসা দরখাস্ত ও পাসপোর্ট নিয়ন্ত্রণের মধ্যে দিয়ে যেতে would times.",19.955,ben-eng_spk0,ben-eng
ben_eng_concat.244,audio/ben_eng_concat.244.wav,"সিংহ সবচেয়ে সামাজিক বিড়াল, প্রাইড নামক large দলে living prides.",8.591,ben-eng_spk0,ben-eng
ben_eng_concat.333,audio/ben_eng_concat.333.wav,"কেবল জার্ম-লাইন কোষগুলিতে যে মিউটেশন ঘটে তাকেই শিশুর মধ্যে পরিচালিত করা যেতে পারে, অন্য কোথাও মিউটেশনগুলি কোষের cell-death বা ক্যান্সারের cause হতে পারে।",15.635,ben-eng_spk0,ben-eng
ben_eng_concat.75,audio/ben_eng_concat.75.wav,কিছুদিন earlier সুলভ অথচ কার্যক্ষম পিসি হিসাবে আসুস ই পিসি বিশ্বজুড়ে launched করা হয়েছিল। 2007 সালে আইটি মাসে এটি তাইপেইতে একটি আলোচনার বিষয় হয়ে became Month.,17.271,ben-eng_spk0,ben-eng
ben_eng_concat.285,audio/ben_eng_concat.285.wav,দ্বীপপুঞ্জটি প্রায় উপদ্বীপটির 120 কিলোমিটার উত্তরে অবস্থিত। Villa Las এস্ট্রেলাস উপনিবেশের সাথে কিং জর্জ Island হলো বৃহত্তম।,14.419,ben-eng_spk0,ben-eng
ben_eng_concat.277,audio/ben_eng_concat.277.wav,"of the Middle উষ্ণ জলবায়ুতে, the house বিশেষ important. ছিল না।",8.815,ben-eng_spk0,ben-eng
ben_eng_concat.164,audio/ben_eng_concat.164.wav,"""যদিও often এটি only একটি ভুল stereotype, তবে নিজের best best ব্যবহার, ""bien élevé"" (সভ্য someone brought up). এর মত চলাই হতে পারে প্যারিসে আপনার যাওয়ার সবচেয়ে ভালো দিক। এটি আপনার getting আরও সহজতর করবে।""",24.594,ben-eng_spk0,ben-eng
ben_eng_concat.196,audio/ben_eng_concat.196.wav,"উদাহরণস্বরূপ, বিশ্বের বেশিরভাগ স্থির চিত্র-ফটোগ্রাফির common আকার 35 মিমি, যা অ্যানালগ ফিল্ম era. শেষদিকে সবচেয়ে dominant আকারের ফিল্ম ছিল।",15.675,ben-eng_spk0,ben-eng
ben_eng_concat.68,audio/ben_eng_concat.68.wav,"এর ফলে, দুই প্রজাতির fish লুপ্ত হয়ে গেছে এবং আরও দুটি প্রজাতি বিপন্ন। including হাম্পব্যাক চাবও আছে।",10.819,ben-eng_spk0,ben-eng
ben_eng_concat.192,audio/ben_eng_concat.192.wav,The satellite একটি রকেটের মাধ্যমে মহাকাশে প্রেরণ করা was rocket. বিজ্ঞানীরা মহাকাশে টেলিস্কোপ use করেন কারণ পৃথিবীর বায়ুমণ্ডল আমাদের কিছু আলো এবং দৃশ্যের পরিবর্তন করে।,18.327,ben-eng_spk0,ben-eng
ben_eng_concat.249,audio/ben_eng_concat.249.wav,"civilization word এসেছে ল্যাটিন শব্দ civilis, থেকে, যার meaning civil, civis, ল্যাটিন সিভিসের সাথে related civis, যার meaning নাগরিক এবং সিভাইটাস, যার অর্থ city বা নগর-রাজ্য, এবং এটি somehow the society. also size বর্ণনা করে।",26.934,ben-eng_spk0,ben-eng
ben_eng_concat.215,audio/ben_eng_concat.215.wav,গভর্নর অফিস থেকে জানানো হয়েছে যে আহতদের মধ্যে উনিশজন police officers. ছিল।,8.316,ben-eng_spk0,ben-eng
ben_eng_concat.29,audio/ben_eng_concat.29.wav,"ডুভাল, যে কি না দুই সন্তানসহ বিবাহ করেছিলেন, মিলারের উপর খুব বড় কোন ছাপ ফেলতে পারেনি, যার সাথে এই গল্পের সংশ্লিষ্টতা ছিল।",12.02,ben-eng_spk0,ben-eng
ben_eng_concat.184,audio/ben_eng_concat.184.wav,"Egyptian the মৃতদের উপত্যকায় অবস্থিত গিজা উপত্যকা, অথবা """"গিজা Necropolis"" এ বেশ কয়েকটি পিরামিড (যেগুলোর মধ্যে great pyramid হচ্ছে সবচেয়ে বড়), কয়েকটি small ছোট tombs, কয়েকটি মন্দির এবং বিশাল স্ফিংক্স রয়েছে। """,21.095,ben-eng_spk0,ben-eng
ben_eng_concat.227,audio/ben_eng_concat.227.wav,"সামোয়ার রাজধানী হলো অপিয়া। town উপোলু দ্বীপে অবস্থিত এবং এর জনসংখ্যা 40,000 এর থেকেও কম।",11.084,ben-eng_spk0,ben-eng
ben_eng_concat.2,audio/ben_eng_concat.2.wav,"জার্মানির অনেক baked baked খাবারগুলিতে almonds, হ্যাজনেলট এবং অন্যান্য বাদামের উপাদান পাওয়া যায়। পছন্দের কেকগুলি প্রায়শই একটি কাপ ভরা কফির সাথে ভাল মানায়।",16.115,ben-eng_spk0,ben-eng
ben_eng_concat.141,audio/ben_eng_concat.141.wav,"বিশেষত গ্রীষ্মকালীন একটি popular ডিনার হলো পা অম্ব Oli: জলপাই তেলদিয়ে পাউরুটি, tomato, এবং স্বাদের জন্য যে কোনও সুলভ উপকরণ যেমন পনির, tunafish, ইত্যাদি।",16.867,ben-eng_spk0,ben-eng
ben_eng_concat.64,audio/ben_eng_concat.64.wav,"ভূগর্ভস্থ টপোলজির কারণে প্রত্যাবর্তনকারী স্রোত কয়েকটি deeper at sections, concentrated হয় এবং deep জলের কাছে একটি দ্রুত current তৈরি করতে পারে।",16.235,ben-eng_spk0,ben-eng
ben_eng_concat.306,audio/ben_eng_concat.306.wav,"একজন সম্পূর্ন ভালো ক্রীড়াবিদ, বাঘ আরোহণ করতে পারে (যদিও ভালোভাবে নয়), swim, , বেশ দূরপর্যন্ত leap এবং pull পারে ৫গুন force of একজন শক্তিশালী human. চেয়ে।",17.483,ben-eng_spk0,ben-eng
ben_eng_concat.289,audio/ben_eng_concat.289.wav,"Parisians অধিবাসীদের egocentric, rude এবং arrogant. হওয়ার খ্যাতি রয়েছে।",8.135,ben-eng_spk0,ben-eng
ben_eng_concat.225,audio/ben_eng_concat.225.wav,"আমরা houses plants থেকে আমাদের বাড়ি আর পোশাক তৈরি করি। আমাদের বেশিরভাগ খাবারই উদ্ভিজ। plants, ছাড়া, প্রাণী বাঁচতে পারত না।",12.467,ben-eng_spk0,ben-eng
ben_eng_concat.97,audio/ben_eng_concat.97.wav,"স্প্রিংবকদের জন্য, এটা ended হয় একটা 5 ম্যাচ losing স্ট্রিক streak.",8.471,ben-eng_spk0,ben-eng
ben_eng_concat.296,audio/ben_eng_concat.296.wav,"অ্যারিস্টটল, একজন দার্শনিক, সবকিছুই একটি অথবা একাধিক চারটি elements. সংমিশ্রণে গঠিত এই তত্ত্ব দিয়েছেন। এগুলো ছিল মাটি, জল, বায়ু, এবং আগুন।",15.308,ben-eng_spk0,ben-eng
ben_eng_concat.266,audio/ben_eng_concat.266.wav,"United যুক্তরাষ্ট্রের Geological Survey (USGS) Astrogeology দল এবং আরিজোনার ফ্ল্যাংস্ট্যাফে located উত্তর অ্যারিজোনা বিশ্ববিদ্যালয়ের গ্লেন কুশিং বলেছেন """"তাদের তাপীয় আচরণ পৃথিবীর বৃহত্তর গুহাগুলির মতো steady নয় যা প্রায়শই স্থির temperature, বজায় maintain temperature, কিন্তু এটি ground,"" গভীর গর্তের সাথে consistent ground,"" Arizona. """,36.486,ben-eng_spk0,ben-eng
ben_eng_concat.152,audio/ben_eng_concat.152.wav,"ক্যালসিয়াম এবং পটাসিয়ামের মতো বস্তুগুলিকে metals. হিসেবে considered metals. তবে রুপো এবং সোনার মতো ধাতুও Of course, are gold.",13.319,ben-eng_spk0,ben-eng
ben_eng_concat.259,audio/ben_eng_concat.259.wav,তিনি যখন at the hospital working করছিলেন তখন লিগিনস তার অবসর সময়ে premature প্রসবের তদন্ত শুরু time.,12.287,ben-eng_spk0,ben-eng
ben_eng_concat.317,audio/ben_eng_concat.317.wav,ফোনে তুরস্কের President রেসেপ তাইয়েপ Erdoğan-এর সাথে ট্রাম্পের কথোপকথনের পরে এই ঘোষণাটি করা was Erdoğan.,11.264,ben-eng_spk0,ben-eng
ben_eng_concat.257,audio/ben_eng_concat.257.wav,"অলিভার স্যাকস, তার in paper President's বক্তব্যে, মস্তিষ্কে ত্রুটি থাকার ফলে speech বুঝতে অক্ষম nevertheless সঠিকভাবে আন্তরিকতা মূল্যায়নে সক্ষম হওয়ার বিষয়টি assess করেছেন।",18.867,ben-eng_spk0,ben-eng
ben_eng_concat.290,audio/ben_eng_concat.290.wav,"যখন সমস্ত available উপলভ্য রসদগুলিকে কোনও সংস্থার বিভিন্ন বিভাগে ব্যবহার করা হয়, তখন সৃজনশীলতা এবং চতুরতা পরিবাহিত হতে পারে।",15.324,ben-eng_spk0,ben-eng
ben_eng_concat.160,audio/ben_eng_concat.160.wav,"শুধুমাত্র এটিই নয়, বরং পরীক্ষা-নিরীক্ষা হল এমন একটি পদ্ধতি যা এক বা more সম্ভাব্য the hypotheses, eliminate দিতে, প্রশ্ন জিজ্ঞাসা করতে এবং পর্যবেক্ষণ questions, making সেই সাথে বৈজ্ঞানিক গবেষণাকেও নির্দেশ করতে used করা হয়।",23.923,ben-eng_spk0,ben-eng
ben_eng_concat.39,audio/ben_eng_concat.39.wav,"ফিলিপিনের আলোকচিত্রকরদের hostages, শিশু ও বৃদ্ধসহ ছয়জন জিম্মিকে আগে মুক্তি দেওয়া were photographers.",10.928,ben-eng_spk0,ben-eng
ben_eng_concat.268,audio/ben_eng_concat.268.wav,"তুরস্কের Gaziantep, police সদর দপ্তরে একটি গাড়ি বোমা detonated হয়েছে yesterday সকালে যার কারণে দু'জন পুলিশ officers killed এবং আরও বিশ জন injured people.",18.135,ben-eng_spk0,ben-eng
ben_eng_concat.220,audio/ben_eng_concat.220.wav,1537 সালে Asunción-এর প্রতিষ্ঠার পর থেকে Paraguay তার a lot indigenous character এবং অভিন্নতা keep সক্ষম হয়েছে।,12.379,ben-eng_spk0,ben-eng
ben_eng_concat.346,audio/ben_eng_concat.346.wav,"বার্সেলোনার সরকারী ভাষা হলো Catalan এবং Spanish. About অর্ধেক জনগোষ্ঠী Catalan, ভাষায় speak speak Catalan, a vast সংখ্যক মানুষ এই ভাষা বোঝে এবং কার্যত সবাই Spanish. ভাষা জানে।",19.771,ben-eng_spk0,ben-eng
ben_eng_concat.322,audio/ben_eng_concat.322.wav,"মাও movement, দ্বারা organised independence সংগ্রামের সময়, শহরে একটি শান্তিপূর্ণ সমাবেশের ফলে সর্বোচ্চ প্রধান টুপুয়া টামাসেস লিয়ালোফি তৃতীয় killing হন।",16.731,ben-eng_spk0,ben-eng
ben_eng_concat.293,audio/ben_eng_concat.293.wav,"মোসাসরাস ছিলেন তার the time, শীর্ষ শিকারি, তিনি কিছুই ভয় পেতেন nothing, অন্যান্য mosasaurs. ব্যতিত।",11.291,ben-eng_spk0,ben-eng
ben_eng_concat.126,audio/ben_eng_concat.126.wav,"""সাধারণভাবে বলতে গেলে, managers তাদের former সহকর্মীদের নেতৃত্ব দেওয়া begin করার সাথে সাথে দুটি আচরণের উত্থান হতে পারে। the spectrum একটি end """"ছেলেদের মধ্যে একজন"""" (বা মেয়ে) হয়ে to remain চেষ্টা করে।""",21.794,ben-eng_spk0,ben-eng
ben_eng_concat.130,audio/ben_eng_concat.130.wav,হুহনে পদত্যাগ করেছেন এবং তিনি মন্ত্রীসভায় Ed Davey এমপি দ্বারা replaced MP. প্রত্যাশা করা expected নরম্যান ল্যাম্ব এমপি বাণিজ্য the Minister job গ্রহন করবেন যেটি Davey ছেড়ে vacating.,21.215,ben-eng_spk0,ben-eng
ben_eng_concat.253,audio/ben_eng_concat.253.wav,কেনাকাটা করার জন্য সমস্ত in Morocco. ক্যাসাব্ল্যাঙ্কা হল least কম interesting জায়গা।,9.643,ben-eng_spk0,ben-eng
ben_eng_concat.56,audio/ben_eng_concat.56.wav,"কুণ্ডলিনী যোগে কুণ্ডলিনী শক্তি (চেতনা শক্তি) জাগ্রত হয় yoga postures, breathing প্রশ্বাসের অনুশীলন, মন্ত্রোচ্চারণ এবং দৃষ্টিশক্তির through visualizations.",13.6,ben-eng_spk0,ben-eng
ben_eng_concat.92,audio/ben_eng_concat.92.wav,"তিনি এই কমানোর জন্য কোনও পরিমাণ স্থাপন did not cuts, saying যেগুলিচীনের অর্থনৈতিক আয়ের ভিত্তিতে made করা হবে।",12.363,ben-eng_spk0,ben-eng
ben_eng_concat.102,audio/ben_eng_concat.102.wav,"""একজন পর্যবেক্ষকের দ্বারা ""anarchy"" বলতে was described হয়েছিল """"অরাজকতা"""", কারন gangs লোক রাস্তায় ঘুরে roamed এবং ভোগ্যপন্যের জিনিসপত্র লুঠ করত।""",15.811,ben-eng_spk0,ben-eng
ben_eng_concat.246,audio/ben_eng_concat.246.wav,এখনও বিদ্যমান হিসাবে known ২৫ টি ডানল্যাপ ব্রডোসাইড হল দলিল প্রাচীনতম অনুলিপি। মূল হাতে লেখা অনুলিপিটি এখন আর not survived.,12.255,ben-eng_spk0,ben-eng
ben_eng_concat.323,audio/ben_eng_concat.323.wav,"দক্ষিণ আফ্রিকার প্রতিটি জাতীয় পার্কের As Parks, পার্কটির জন্য daily conservation এবং entry fees আছে।",10.923,ben-eng_spk0,ben-eng
ben_eng_concat.109,audio/ben_eng_concat.109.wav,অস্ট্রেলিয়ার মিচেল Gourley men's স্ট্যান্ডিং সুপার জি-তে eleventh স্থানে সম্পন্ন করেছেন। পুরুষদের সিটিং সুপার-জি-তে চেক প্রতিদ্বন্দ্বী Oldrich Jelinek sixteenth স্থানে রয়েছেন।,17.243,ben-eng_spk0,ben-eng
ben_eng_concat.149,audio/ben_eng_concat.149.wav,"ইউরোপীয় ইতিহাসের এই সময়কালে, ধনী ও শক্তিশালী হয়ে ওঠা Catholic চার্চগুলি under scrutiny. আওতায় আসে।",11.539,ben-eng_spk0,ben-eng
ben_eng_concat.191,audio/ben_eng_concat.191.wav,এই যন্ত্রটি বাতাসে নড়াচড়া করার allow একজন খেলোয়াড়কে ভিডিও গেমেরমধ্যে তার ক্রিয়াকলাপ ও movements control করতে will air.,12.311,ben-eng_spk0,ben-eng
ben_eng_concat.254,audio/ben_eng_concat.254.wav,আসলে কিভাবে ছিল সে সম্পর্কে পর্যটকদের better ভাল idea দিতে কমপ্লেক্সের কিনারার বেশিরভাগ ভবন পুনর্নির্মাণ করা হয়েছে।,12.387,ben-eng_spk0,ben-eng
ben_eng_concat.263,audio/ben_eng_concat.263.wav,"মিডল অর্ডার batsmen, শচীন Tendulkar এবং রাহুল দ্রাভিদ well খেলেছিল এবং একটি শতরানের partnership. করেছিল।",13.587,ben-eng_spk0,ben-eng
ben_eng_concat.143,audio/ben_eng_concat.143.wav,"দুর্ঘটনার পরে, Gibson was একটি হাসপাতালে transported করা হয়েছিল, তবে কিছুক্ষণ পরেই সে মারা গিয়েছিল।",11.811,ben-eng_spk0,ben-eng
ben_eng_concat.190,audio/ben_eng_concat.190.wav,এই এলাকার ছোটোদের জন্য সবচেয়ে আকর্ষণীয় বস্তু হলো পিরামিড সাউন্ড এবং light show kids.,8.28,ben-eng_spk0,ben-eng
ben_eng_concat.338,audio/ben_eng_concat.338.wav,"ফাঁস হওয়া তথ্য according leak, leak, সীমান্ত the dispute, বিষয়ে উল্লেখ করবে, যা ফিলিস্তিন ১৯৬৭ সালের মধ্যপ্রাচ্য War. আগের সীমান্তের ভিত্তিতে চায়।",15.163,ben-eng_spk0,ben-eng
ben_eng_concat.294,audio/ben_eng_concat.294.wav,2017 এর সেপ্টেম্বরে সেতুটি পুরোপুরি operational হওয়ার scheduled রয়েছে when the Brazilian customs checkpoints শেষ হওয়ার আশা করা হচ্ছে।,13.947,ben-eng_spk0,ben-eng
ben_eng_concat.67,audio/ben_eng_concat.67.wav,প্রাইডগুলো এক থেকে তিনজন adult বয়স্ক পুরুষের পাশাপাশি ত্রিশ জন মহিলা এবং cubs. সমন্বয়ে গঠিত হয়।,11.987,ben-eng_spk0,ben-eng
ben_eng_concat.73,audio/ben_eng_concat.73.wav,"প্রাচীন সংস্কৃতি এবং tribes এগুলো রাখতে শুরু করেছিল দুধ, চুল, মাংস এবং চামড়ার easy অধিগ্রহণের for skins.",12.391,ben-eng_spk0,ben-eng
ben_eng_concat.234,audio/ben_eng_concat.234.wav,"1963 সালে বাঁধটি নির্মিত হওয়ার পর, মৌসুমী বন্যার কারণে নদী জুড়ে পলি ছড়িয়ে পড়া halted. গিয়েছিল।",11.084,ben-eng_spk0,ben-eng
ben_eng_concat.202,audio/ben_eng_concat.202.wav,গাছপালা অক্সিজেন make করে যা মানুষ প্রশ্বাসের সাথে গ্রহণ করে এবং তারা কার্বন-ডাই-অক্সাইড গ্রহণ করে যা humans নিঃশ্বাসের সাথে ছাড়ে (যা breathe ফেলে)।,14.731,ben-eng_spk0,ben-eng
ben_eng_concat.255,audio/ben_eng_concat.255.wav,"১৯৮৮ সাল থেকে, ব্যালট বাক্সগুলোকে অবশ্যই transparent হতে হবে যাতে voters এবং প্রতক্ষদর্শীরা দেখে যে ভোটের শুরুতে কোন খাম থাকে না এবং যথাযথভাবে duly counted এবং authorized ভোটার ছাড়া কোন খাম যোগ করা হয় না।",22.451,ben-eng_spk0,ben-eng
ben_eng_concat.261,audio/ben_eng_concat.261.wav,"আপনি নিজস্ব দেশের সরকার ছাড়াও অন্য কোন দেশের the governments যুক্তি চাইতে পারেন, কিন্তু তাদের যুক্তি তাদের নাগরিকদের জন্য designed করা হয়েছে।",14.579,ben-eng_spk0,ben-eng
ben_eng_concat.265,audio/ben_eng_concat.265.wav,"মৌসুমের দশম The named ঝড় আটলান্টিক Hurricane , সাবট্রপিকাল স্টর্ম জেরি আজ আটলান্টিক মহাসাগরে গঠিত হয়েছিল।",12.259,ben-eng_spk0,ben-eng
ben_eng_concat.108,audio/ben_eng_concat.108.wav,"এই রোগের বিষয়ে a UN expert ড্যানিয়েল ল্যান্টাগন জানিয়েছিলেন, সম্ভবত এই রোগের প্রাদুর্ভাবটি শান্তিরক্ষাকারীদের থেকে হয়েছিল।",11.548,ben-eng_spk0,ben-eng
ben_eng_concat.33,audio/ben_eng_concat.33.wav,এটিকে বলা হয় chemical's পিএইচ। আপনি লাল cabbage রস ব্যবহার করে একটি সূচক make can juice.,10.471,ben-eng_spk0,ben-eng
ben_eng_concat.137,audio/ben_eng_concat.137.wav,এই বিশ্বের সমস্ত কিছুই matter. দিয়ে made matter. সমস্ত পদার্থ ক্ষুদ্র কণা দিয়ে made যাকে অণু called atoms.,12.511,ben-eng_spk0,ben-eng
ben_eng_concat.205,audio/ben_eng_concat.205.wav,সমুদ্রপথে বিশাল সংখ্যায় মানুষ ও large পরিমাণে পণ্য transport to জন্য জাহাজ ব্যবহার করাটাই সহজ oceans.,12.711,ben-eng_spk0,ben-eng
ben_eng_concat.161,audio/ben_eng_concat.161.wav,The crash উঁচু পাহাড়ী অঞ্চলে ঘটেছিল এবং বিশ্বাস believed হয় hostile fire. গুলির ফলস্বরূপ এটি ঘটে।,12.295,ben-eng_spk0,ben-eng
ben_eng_concat.336,audio/ben_eng_concat.336.wav,"Scientists বুঝার hope করে যে how গ্রহগুলো গঠিত হয়, বিশেষ করে পৃথিবী কিভাবে গঠিত formed, যেহেতু ধুমকেতুগুলো পৃথিবীর সাথে অনেক আগে সংঘর্ষ করেছিল।",17.167,ben-eng_spk0,ben-eng
ben_eng_concat.117,audio/ben_eng_concat.117.wav,"Today, only যে insects তাদের ডানা পিছনে fold করতে পারে না, তা হল, dragon flies এবং mayflies.",11.891,ben-eng_spk0,ben-eng
ben_eng_concat.28,audio/ben_eng_concat.28.wav,ভুত্বকটি পাতলা বলে ভূত্বকের কাছে আরো অনেক মারিয়া থাকতে পারে। একটি লাভার পক্ষে তার উপরি স্তরে rise আশা খুব easier surface.,13.408,ben-eng_spk0,ben-eng
ben_eng_concat.166,audio/ben_eng_concat.166.wav,"দ্বিতীয় সেটটির প্রথম দিকে ডেল পোট্রো প্রাধান্য set, তবে 6-6 এ reaching পরে এটির ক্ষেত্রেও টাই ব্রেকারের প্রয়োজন হয়।",11.235,ben-eng_spk0,ben-eng
ben_eng_concat.324,audio/ben_eng_concat.324.wav,"""তিনি আরো added added """"যা তাদের উন্নয়নের development stage, দায়িত্ব, এবং সক্ষমতার সীমা ছাড়িয়ে যায় সেইসব বিষয়ে তাদের বাধ্য করা go না।""""""",13.755,ben-eng_spk0,ben-eng
ben_eng_concat.138,audio/ben_eng_concat.138.wav,"তিনি অনেক দেশের জন্য নোট নকশা করার কাজে engaged ছিলেন, সাম্প্রতিক of work examples including নতুন কানাডিয়ান $5 এবং $100 নোটগুলির উপর Prime Ministerial প্রতিকৃতি।",17.947,ben-eng_spk0,ben-eng
ben_eng_concat.328,audio/ben_eng_concat.328.wav,"পুরুষদের প্রত্যাখ্যান করার ক্ষেত্রে firm থাকুন, এবং আপনার অবস্থান ধরে stand ভয় পাবেন না (সাংস্কৃতিক পার্থক্য থাকুক বা না থাকুক, এটি ন্যায়সঙ্গত হয়ে যায় না!)।",14.579,ben-eng_spk0,ben-eng
ben_eng_concat.236,audio/ben_eng_concat.236.wav,খেলাধুলা থেকে বহিষ্কৃত হওয়ার কারনে তিনি তার ব্যথা সারিয়ে তোলার জন্য needed ওষুধ সেবেন অক্ষম হয়ে পড়েন।,10.316,ben-eng_spk0,ben-eng
ben_eng_concat.283,audio/ben_eng_concat.283.wav,"এগুলিতে নিরাপদ beaches with swimming, সাথে almost সমস্ত বালুকাময় সৈকত এবং বেশিরভাগ pohutukawa গাছের ছায়া have trees.",14.247,ben-eng_spk0,ben-eng
ben_eng_concat.344,audio/ben_eng_concat.344.wav,"এটি sensible, বলে seems seems sensible, কারণ পৃথিবী ঘুরছে সেটা feel যায় না, যায়কি?",9.483,ben-eng_spk0,ben-eng
ben_eng_concat.273,audio/ben_eng_concat.273.wav,"যদিও কেওই (no one) নিশ্চিতভাবে জানে না এটা কে 1 জন wrote it, এটা খ্যাত যে গোঁড়ার দিকে বড় চামড়ার কাগজের নথিপত্রটি (মাপ হল 29 তিন বাই চার ইঞ্চি সাথে 24 এবং হাফ inches) inches) storage. জন্য গোটানো হয়েছিল storage.",21.383,ben-eng_spk0,ben-eng
ben_eng_concat.87,audio/ben_eng_concat.87.wav,78 টি সুপারিশের মধ্যে প্রথমটি হল এই বছর end হওয়ার আগেই বৈদেশিক হস্তক্ষেপের বিরুদ্ধে ইরাকের সীমানা সুরক্ষিত করতে একটি নতুন কূটনৈতিক উদ্যোগ নেওয়া এবং তার neighbors. সাথে diplomatic relations পুনঃপ্রতিষ্ঠা to neighbors.,21.487,ben-eng_spk0,ben-eng
ben_eng_concat.36,audio/ben_eng_concat.36.wav,পালিয়ে আসার বা পরিত্যাক্ত হওয়ার আগে হয়তো অনভিজ্ঞ children অনেক অত্যাচার বা মানসিক আঘাত সহ্য করতে হয়েছে।,10.124,ben-eng_spk0,ben-eng
ben_eng_concat.136,audio/ben_eng_concat.136.wav,"বেশিরভাগ ছোট দ্বীপপুঞ্জগুলি হল স্বাধীন রাষ্ট্র, অথবা ফ্রান্সের সাথে সম্পর্কিত, এবং এগুলো বিলাসবহুল সমুদ্রতীরবর্তী রিসোর্ট হিসেবে known resorts.",14.872,ben-eng_spk0,ben-eng
ben_eng_concat.107,audio/ben_eng_concat.107.wav,Television প্রতিবেদনগুলিতে plant. থেকে white ধোঁয়া আসতে দেখা যায়।,8.167,ben-eng_spk0,ben-eng
ben_eng_concat.181,audio/ben_eng_concat.181.wav,"উপরের পরিষ্কার, clear, beautiful আকাশ এবং পারিপার্শ্বিকের অনেক পাহাড় ব্যাতিত আর কিছুই দেখা যায় Nothing mountains. এই বিশ্বের খুব কমই seen বা দেখা যায় গুহার ভেতর হতে।",16.619,ben-eng_spk0,ben-eng
ben_eng_concat.189,audio/ben_eng_concat.189.wav,"tension, যতই কম tension, the life force উপস্থিতি তত বেশি ইতিবাচক হয়। absolute শান্তি ও সন্তুষ্টি খুঁজে নেওয়ার has potential সামর্থ্য প্রতিটি ব্যক্তির মধ্যে রয়েছে।",16.919,ben-eng_spk0,ben-eng
ben_eng_concat.83,audio/ben_eng_concat.83.wav,অ্যারোস্মিথ তাদের সফরের অবশিষ্ট কনসার্টগুলো বাতিল করেছেন।,5.332,ben-eng_spk0,ben-eng
ben_eng_concat.186,audio/ben_eng_concat.186.wav,"যদিও, এটি সত্য not true. তারপরও the document, back কিছু লেখা আছে, এটি কোন treasure map. নয়।",10.619,ben-eng_spk0,ben-eng
ben_eng_concat.232,audio/ben_eng_concat.232.wav,"তিনি এইসব গুজবকে ""political chatter আর বোকামি“ হিসাবে উল্লেখ করেছেন।",7.404,ben-eng_spk0,ben-eng
ben_eng_concat.316,audio/ben_eng_concat.316.wav,গরম চকলেটটির up standards. বেলজিয়ামের চকলেটের মতো হয়ে থাকে। ফলের juices সাধারণত pricey হলেও excellent. স্বাদের হয়ে থাকে।,14.595,ben-eng_spk0,ben-eng
ben_eng_concat.310,audio/ben_eng_concat.310.wav,"একই month আরেকটি বিমান মাশহাদে একটি runway বাইরে বেরিয়ে গিয়ে একটি wall, উপর আঘাত হানে এবং সতেরো জন নিহত seventeen.",13.951,ben-eng_spk0,ben-eng
ben_eng_concat.51,audio/ben_eng_concat.51.wav,"সৈন্যদের আসার আগে, Haiti 1800s. 1800s. থেকে এই to disease encountered related হয়নি।",8.499,ben-eng_spk0,ben-eng
ben_eng_concat.332,audio/ben_eng_concat.332.wav,"""কিন্তু নিরক্ষীয় equator থেকে just a কয়েক ডিগ্রি উত্তরে """"উচ্চ tropics"" অঞ্চলে placed হওয়ার জন্য আপনাকে তাপ (সবসময়) এবং strong রোদ (যখন আকাশ স্বচ্ছ clear, যা খুব rarely). হয়) দুই মোকাবেলা করতে will rarely). """,26.386,ben-eng_spk0,ben-eng
ben_eng_concat.300,audio/ben_eng_concat.300.wav,"probably প্রত্যন্ত দ্বীপগুলিতে ক্রেডিট কার্ড গ্রহণ করা হয় not accepted, যদিও ব্রিটিশ এবং United যুক্তরাষ্ট্রের currency নেওয়া হয়; অর্থ an payment acceptable পদ্ধতি সম্পর্কে জানার জন্য অগ্রিম ভাবে মালিকদের সাথে যোগাযোগ করুন।",23.687,ben-eng_spk0,ben-eng
ben_eng_concat.148,audio/ben_eng_concat.148.wav,"Aristotle's মত গ্রহণ করা হয়েছিল মনোবিজ্ঞান including Aristotle's science, সমস্ত matters psychology.",10.339,ben-eng_spk0,ben-eng
ben_eng_concat.116,audio/ben_eng_concat.116.wav,৮০২.১১এন standard ২.৪ গিগাহার্জ এবং ৫.০ গিগাহার্জ কম্পাঙ্ক দুইটির উপরই কার্যকর।,10.044,ben-eng_spk0,ben-eng
ben_eng_concat.23,audio/ben_eng_concat.23.wav,"যদিও heyday দিনে মৃদু pollution খুব একটা সমস্যার ছিল না, today, সেটা যতটা গুরুতর। এগুলি সাধারণত শহরগুলিতে বা ক্যাম্পাসে অবস্থিত, modern সময়ে নির্মিতগুলির চেয়ে সহজেই পৌঁছানো যায়।",20.067,ben-eng_spk0,ben-eng
ben_eng_concat.35,audio/ben_eng_concat.35.wav,"In fact, এর অস্তিত্ব even existed. তা knew পাওয়া একেবারেই easy নয়। একবার cave, ভিতরে , এটা সম্পূর্ণ বিচ্ছিন্নতা।",13.735,ben-eng_spk0,ben-eng
ben_eng_concat.98,audio/ben_eng_concat.98.wav,বিংশ century যে research হয়েছিল সেখানে shown গেছে যে genetic প্রকরণের দুটি pools রয়েছে variation: hidden দিক এবং প্রকাশিত দিক।,17.298,ben-eng_spk0,ben-eng
ben_eng_concat.295,audio/ben_eng_concat.295.wav,প্রত্যেকেই society বসবাস participates এবং পরিবহন systems. সাহায্য নেয়। Almost সবাই পরিবহন ব্যবস্থা নিয়ে complains করে।,15.275,ben-eng_spk0,ben-eng
ben_eng_concat.185,audio/ben_eng_concat.185.wav,"""1940 সালের 15'ই August মিত্রশক্তি Allies France, এর দক্ষিনাংশ আক্রমণ করেছিল, এই আক্রমণটিক বলা হয়েছিল ""Operation ড্রাগন""""।""",12.411,ben-eng_spk0,ben-eng
ben_eng_concat.150,audio/ben_eng_concat.150.wav,"""""""তিনি [ওয়েলস] মূলত আমাদের start. থেকেই মিথ্যা lied start. reasons. তার শিল্প মুছে ফেলা পর্যন্ত তিনি First, Second, অভিনয় করে যে এটি আইনি reasons. দ্বিতীয়ত, us, শোনার ভান করে।""""""",18.754,ben-eng_spk0,ben-eng
ben_eng_concat.282,audio/ben_eng_concat.282.wav,খ্রিস্টপূর্ব তৃতীয় শতাব্দীতে মিশরীয়দের দ্বারা নির্মিত। গ্রেট Pyramid হল ফারাওয়ের to honor built many large pyramid structures মধ্যে one Pharaoh.,13.655,ben-eng_spk0,ben-eng
